AT1G43700	AAZ50536	1	0.00016809
AT3G11100	CAA52221	1	0.0013369
AT3G11100	AAC72019	1	0.0079136
AT5G60910	WP_011412506	1	0.00037235
AT2G03710	WP_011412506	1	0.00023947
AT4G11880	WP_011412506	1	0.00029946
AT1G77080	WP_011412506	1	0.00026312
AT1G26310	WP_011412506	1	0.00032001
AT3G19400	CAD16676	1	0.79152
AT1G47128	CAD16676	1	0.69009
AT3G45310	CAD16676	1	0.81095
AT5G65700	ACY70449	1	0.0039962
AT3G47620	OEC119	1	0.955
AT4G24840	OEC25	1	0.00015612
AT3G02150	OEC61	1	0.00038784
AT2G23420	OEC123	1	0.00015508
AT2G23420	OEC54	1	0.00015744
AT3G47620	OEC23b	1	0.00026253
AT5G42480	OEC78	1	0.00016031
AT5G24660	OEC25	1	0.00019437
AT3G21490	OEC115	1	0.00019248
AT3G48150	OEC67	1	0.00015584
AT3G47620	OEC21	1	0.001091
AT3G47620	OEC92	1	0.00041851
AT3G21490	OEC56	1	0.00034239
AT3G47620	OEC35	1	0.017336
AT3G47620	OEC45	1	0.0022373
AT3G47620	OEC27	1	0.00020961
AT3G47620	OEC16a	1	0.0033117
AT3G47620	OEC117	1	0.19827
AT4G11790	OEC63	1	0.00017007
AT3G02150	OEC78	1	0.0013136
AT4G30080	OEC78	1	0.00016488
AT3G47620	OEC55	1	0.14078
AT4G15730	OEC45	1	0.00015244
AT1G04690	OEC55	1	0.00016787
AT3G47620	OEC23a	1	0.002973
AT1G63480	OEC45	1	0.00015588
AT3G47620	OEC60	1	0.041024
AT3G47620	OEC110	1	0.00023406
AT4G25200	OEC76	1	0.00027312
AT3G47620	OEC103	1	0.00049478
AT4G25200	OEC78	1	0.0010978
AT3G47620	OEC101	1	0.00016142
AT1G12520	OEC45	1	0.00029969
AT4G25200	OEC117	1	0.0034751
AT3G47620	OEC39	1	0.00064926
AT3G47620	OEC123	1	0.0076052
AT4G08320	OEC59	1	0.00015759
AT4G01090	OEC45	1	0.00015324
AT2G23420	OEC16	1	0.00015368
AT5G11980	OEC25	1	0.00015706
AT3G47620	OEC106	1	0.00033652
AT3G02150	OEC45	1	0.00018021
AT2G23420	OEC25b	1	0.00015438
AT3G47620	OEC113	1	0.00055291
AT3G10480	OEC115	1	0.00017795
AT4G24690	AAP30757	1	0.00018768
AT1G78100	AAP30757	1	0.00015342
AT5G05600	ACN93668	1	0.0001538
AT3G14310	ABY49997	1	0.16543
AT1G47128	AAO33473	1	0.71152
AT3G47620	ATR1_EMCO5	1	0.98617
AT4G36970	HARXLL470_WACO9	1	0.0018671
AT3G48150	HARXLL445_B_WACO9	1	0.00016595
AT3G47620	HARXL45_HIKS1	1	0.95463
AT5G66560	ATR13_ASWA1	1	0.00015311
AT3G54170	HARXL73	1	0.00015236
AT4G24840	HaRxLL518_WACO9	1	0.0046499
AT3G47620	HARXL69	1	0.00019718
AT4G02150	HARXLL445	1	0.74128
AT3G50910	ATR13_NOKS1	1	0.096467
AT2G25650	HARXL45_A	1	0.00033451
AT3G07780	HARXL21	1	0.00052718
AT5G06780	HaRxLL518_WACO9	1	0.0032206
AT3G47620	HARXLL470_WACO9	1	0.021461
AT4G01090	HaRxLL515	1	0.00024944
AT3G47620	HARXL22	1	0.97702
AT5G55100	ATR1_CALA2	1	0.0001521
AT4G24840	HARXLL60	1	0.0098561
AT1G06510	HARXL8	1	0.00020361
AT5G55100	HARXL21	1	0.00015281
AT5G22630	HARXL30_WACO9	1	0.009573
AT4G19700	ATR1_BICO5	1	0.00017539
AT4G25200	ATR1_CALA2	1	0.010986
AT4G26450	HaRxLL495	1	0.00015543
AT4G35580	HaRxLL495	1	0.00015803
AT3G48150	HARXLL60	1	0.0018811
AT4G00980	ATR1_CALA2	1	0.00015526
AT1G32230	CCC55840	1	0.1066
AT4G19700	ATR1_CAND5	1	0.00017778
AT4G25200	ATR1_EMCO5	1	0.015475
AT4G19700	ATR1_EMCO5	1	0.00017227
AT3G48150	ATR1_CALA2	1	0.00015455
AT4G19700	ATR13_NOKS1	1	0.12953
AT5G56290	HARXL30_WACO9	1	0.00021083
AT3G02150	ATR1_EMWA1	1	0.0086288
AT3G09980	HaRxLL518_WACO9	1	0.036469
AT5G52750	ATR13_ASWA1	1	0.00018145
AT3G47620	HARXL39	1	0.98381
AT3G47620	HARXL42	1	0.90874
AT5G24660	ATR13_NOKS1	1	0.020389
AT3G47620	ATR1_EMWA1	1	0.97502
AT4G24840	HARXL73	1	0.00033964
AT5G11980	HARXL73	1	0.041495
AT5G52750	ATR13_EMCO5	1	0.00018115
AT4G26450	HaRxL149	1	0.00015526
AT2G34710	HARXL45_A	1	0.0016151
AT3G47620	HARXL47_A	1	0.98616
AT4G25200	ATR1_BICO5	1	0.012487
AT5G06780	HARXL73	1	0.00015335
AT1G06510	HARXL60	1	0.0001649
AT3G16310	HaRxL149	1	0.00047767
AT3G47620	HaRxLL515	1	0.023423
AT5G55100	ATR1_CAND5	1	0.00015187
AT4G25200	HARXLL455	1	0.00026284
AT3G02150	ATR1_CALA2	1	0.0084334
AT4G35580	HARXLL60	1	0.00029384
AT4G25200	ATR1_CAND5	1	0.016809
AT4G19700	HARXL10_WACO9	1	0.0033878
AT3G47620	HARXLCRN4	1	0.00038416
AT3G47620	HARXL67	1	0.4107
AT3G47620	HARXL47_B	1	0.2193
AT3G47620	HARXL21	1	0.98002
AT3G48150	ATR1_CAND5	1	0.00015587
AT5G55100	HARXLL470_WACO9	1	0.00022708
AT3G47620	HaRxL143	1	0.000165
AT4G25200	ATR1_EMWA1	1	0.010828
AT4G24840	ATR13_NOKS1	1	0.0020185
AT3G48150	ATR1_EMCO5	1	0.00015422
AT2G25650	HARXL45_HIKS1	1	0.00025858
AT4G19700	ATR1_EMWA1	1	0.00017138
AT3G48150	ATR13_NOKS1	1	0.00021541
AT2G35500	HARXLL445	1	0.00018348
AT1G13030	HARXLL470_WACO9	1	0.00021741
AT3G47620	HARXL106_CALA2	1	0.98126
AT1G06510	HARXL14	1	0.00020357
AT4G24840	HARXL30_WACO9	1	0.0017646
AT3G47620	HARXL57	1	0.44688
AT5G55100	ATR1_BICO5	1	0.00015185
AT5G65210	HaRxLL515	1	0.00056554
AT5G42980	HARXL68	1	0.01021
AT4G35580	HaRxL149	1	0.00015814
AT3G47620	HARXL45_A	1	0.95672
AT3G48150	HaRxLL518_WACO9	1	0.001945
AT3G47620	HaRxL146	1	0.84681
AT3G02150	ATR1_BICO5	1	0.01194
AT4G24840	ATR13_HIND2	1	0.00016169
AT4G26450	HaRxLL492	1	0.00015304
AT1G63860	ATR13_HIND2	1	0.012081
AT5G52750	ATR13_AHND1	1	0.00017567
AT4G35580	HaRxLL492	1	0.00015572
AT5G66560	ATR13_EMCO5	1	0.00015362
AT4G19700	ATR1_CALA2	1	0.00017111
AT1G79430	HARXLL470_WACO9	1	0.0010588
AT1G03960	HARXL30_WACO9	1	0.12717
AT3G02150	ATR1_CAND5	1	0.010441
AT4G17220	HARXL73	1	0.00015142
AT5G24660	HARXLL60	1	0.0003617
AT3G02150	ATR1_EMCO5	1	0.012568
AT3G47620	ATR1_BICO5	1	0.98391
AT3G47620	HARXL40	1	0.95324
AT5G55100	ATR1_EMWA1	1	0.00015212
AT3G47620	HARXLL455	1	0.00075089
AT4G00150	AAN08582	1	0.00016465
AT5G65270	AVA31271	1	0.32483
AT2G30950	AVA31271	1	0.032183
AT4G39990	AVA31271	1	0.37202
AT3G18820	AVA31271	1	0.0078121
AT5G45750	AVA31271	1	0.42403
AT5G13320	AAL84239	1	0.00015104
AT3G07780	HopO1_2_Pto_DC3000	1	0.00015595
AT4G35580	AAO54410	1	0.00015259
AT3G48150	AvrPto1_Pla_A7386	1	0.00037338
AT5G03520	RXT90275	1	0.0042212
AT3G56400	AAB51082	1	0.0015908
AT3G25070	CAA48009	1	0.00017239
AT3G47620	AvrPto1_Pto_DC3000	1	0.16824
AT2G25000	AAB51082	1	0.29824
AT1G16190	AAO54897	1	0.0049497
AT2G04800	AvrPto1_Pto_DC3000	1	0.00017099
AT3G48150	AvrB4_1_Pph_1448A	1	0.00017368
AT3G07780	HopZ3_Paf_DSM5025	1	0.00015254
AT3G53410	AvrPto1_Pla_107	1	0.00018079
AT3G02150	HopBB1_Pmo_M301020	1	0.00044191
AT5G59650	HopAB1_Pph_1448A	1	0.12426
AT3G07780	HopF2_Pto_DC3000	1	0.00015837
AT1G29990	HopAO1_N_TERM_Pto_DC3000	1	0.00036015
AT5G60120	AvrPto1_Psy_B728A	1	0.00026131
AT5G24660	HopZ3_Paf_DSM5025	1	0.00015993
AT5G43700	HopH1_Psy_B728A	1	0.00015918
AT2G04800	AvrPto1_Pla_A7386	1	0.00017115
AT4G35580	HopD1_Pph_1448A	1	0.00015268
AT1G29990	AvrPto1_Psy_B728A	1	0.00062033
AT3G47620	AvrPto1_Pla_107	1	0.046438
AT3G47620	HopBB1_Pmo_M301020	1	0.01417
AT3G47620	AvrPto5_Pma_M4a	1	0.14924
AT3G48150	AvrPto1_Psy_B728A	1	0.00024256
AT3G17410	AvrB4_1_Pph_1448A	1	0.033124
AT5G60120	AvrPto1_Pto_DC3000	1	0.00040945
AT3G43300	AAO54897	1	0.00015226
AT3G47620	AvrPto1_Pmo_M301020	1	0.13546
AT3G47620	AvrPto1_Pla_A7386	1	0.16674
AT3G48150	AvrB2_Pgy_R0	1	0.00019339
AT3G48150	AvrPto1_Pto_DC3000	1	0.00037685
AT5G02500	AAL84247	1	0.88166
AT4G31750	AAL84239	1	0.00015784
AT3G48150	HopO1_2_Pto_DC3000	1	0.00015606
AT5G60120	AvrPto1_Pla_A7386	1	0.00040558
AT3G53350	HopAG1_Psy_B728A	1	0.00015124
AT1G24050	HopAO1_N_TERM_Pto_DC3000	1	0.00016292
AT3G47620	AvrPto1_Psy_B728A	1	0.19957
AT5G60120	HopBB1_Pmo_M301020	1	0.0001608
AT2G04800	AvrPto1_Psy_B728A	1	0.00017217
AT4G33510	RSc0868	1	0.00015322
AT4G26660	RSc0321	1	0.0021771
AT1G26660	RSp0914	1	0.00015298
AT4G29780	RSc0321	1	0.00041188
AT2G35330	RSc2101	1	0.00015282
AT4G10480	RSp0215	1	0.00016866
AT4G23810	RSc0868	1	0.001558
AT4G24840	RSc0321	1	0.00080345
AT1G09660	RSp0323	1	0.00016777
AT4G00270	RSc0868	1	0.00016045
AT4G00270	RSp0930	1	0.0001573
AT2G17990	RSp0323	1	0.034537
AT3G21810	RSc0321	1	0.00015957
AT2G17990	RSp0930	1	0.056552
AT5G53060	RSp0846	1	0.00015386
AT3G54230	RSc0868	1	0.00015297
AT3G21175	RSc2101	1	0.72446
AT3G48150	RSp0213	1	0.00015859
AT5G61010	RSc0321	1	0.00015145
AT4G39090	RSc0868	1	0.00015275
AT3G21140	RSc2359	1	0.00018913
AT4G19700	RSc0321	1	0.085645
AT3G02150	RSc0321	1	0.01135
AT3G48150	RSp0323	1	0.00015202
AT4G29820	RSp1239	1	0.0001538
AT2G03190	RSp0914	1	0.75302
AT5G02020	RSp0323	1	0.00015512
AT3G48150	RSp0930	1	0.00015105
AT4G01090	RSc0321	1	0.00015111
AT1G71230	RSc3272	1	0.00033825
AT3G07780	RSc0321	1	0.00026568
AT1G80940	RSc1349	1	0.78597
AT5G61010	RSp0213	1	0.00016348
AT1G06510	RSc0321	1	0.00058566
AT1G17720	RSc2101	1	0.00020819
AT2G37630	RSc0826	1	0.00016037
AT1G55260	RSp1239	1	0.00015155
AT4G00270	RSc1349	1	0.00018147
AT5G53330	RSp0930	1	0.0026792
AT3G02150	RSp0213	1	0.012135
AT1G13320	RSc2101	1	0.23481
AT5G41410	RSc2359	1	0.00016129
AT1G26470	RSc1801	1	0.00015382
AT5G61010	RSc0868	1	0.00015925
AT5G61010	RSp0930	1	0.00015077
AT4G34210	RSp0914	1	0.92383
AT1G05960	RSc2101	1	0.00015077
AT5G41410	RSp0323	1	0.00016118
AT5G56140	RSc0321	1	0.00015642
AT3G21140	RSc0321	1	0.00021217
AT5G42480	RSp0323	1	0.0001586
AT4G34210	RSc1357	1	0.89994
AT5G42480	RSp0930	1	0.00015241
AT3G48150	RSc1349	1	0.00015109
AT4G25680	RSp0323	1	0.0001521
AT4G01090	RSc0868	1	0.00015186
AT2G34090	RSc0321	1	0.00015316
AT2G25000	RSc0868	1	0.097819
AT4G24840	RSp0160	1	0.00016145
AT3G48150	RSc2359	1	0.00015116
AT4G24840	RSc1349	1	0.00066182
AT3G50910	RSc1349	1	0.82323
AT3G07780	RSp1042	1	0.00015321
AT5G66560	RSc0868	1	0.0001537
AT1G29860	RSc0868	1	0.010541
AT5G53330	RSc1349	1	0.008425
AT1G22070	RSp0323	1	0.0017165
AT2G37630	RSc0321	1	0.97555
AT3G21810	RSc1349	1	0.00015699
AT4G25660	RSp0323	1	0.00015188
AT5G61010	RSc1349	1	0.00015102
AT1G71230	RSp0213	1	0.114
AT1G06390	RSp0930	1	0.00097424
AT3G52890	RSc0321	1	0.00015198
AT1G20140	RSp0914	1	0.90467
AT1G09660	RSc0321	1	0.00017116
AT4G01090	RSp0099	1	0.00015117
AT4G19700	RSc1349	1	0.15391
AT4G24840	RSp0323	1	0.0006017
AT4G00270	RSc0321	1	0.00017287
AT5G42480	RSp0160	1	0.00015145
AT5G38480	RSc2101	1	0.0026122
AT4G26750	RSp0879	1	0.00015367
AT2G17990	RSc0321	1	0.21784
AT5G42480	RSp0215	1	0.00015193
AT5G09810	RSp1239	1	0.00017251
AT5G06780	RSc0321	1	0.00018311
AT3G54230	RSc0321	1	0.00015205
AT3G16310	RSp0215	1	0.00015555
AT3G07780	RSp0846	1	0.00015073
AT4G01090	RSc1349	1	0.00015105
AT4G19700	RSc2359	1	0.00044085
AT5G58690	RSc2101	1	0.00015256
AT3G21810	RSp0930	1	0.00015576
AT3G07780	RSc1349	1	0.00056033
AT3G23220	RSc1349	1	0.00042631
AT5G22630	RSc0868	1	0.0017429
AT1G26470	RSp0323	1	0.00015443
AT3G54230	RSp0879	1	0.00015436
AT4G34210	RSc1801	1	0.90521
AT4G19700	RSp0323	1	0.0097904
AT3G07780	RSp0847	1	0.00015078
AT4G26455	RSc0321	1	0.00015414
AT5G63510	RSc1357	1	0.00015486
AT5G42480	RSc1800	1	0.00015374
AT1G06390	RSp0846	1	0.00046414
AT4G01090	RSp0930	1	0.00015077
AT2G05260	RSp0323	1	0.00015253
AT5G59210	RSc0321	1	0.068051
AT3G07780	RSp0930	1	0.00016405
AT5G56140	RSc1349	1	0.00015475
AT5G53330	RSc0321	1	0.0074847
AT1G71230	RSc2101	1	0.15727
AT2G34090	RSc2101	1	0.00015587
AT1G22550	RSc2101	1	0.00015165
AT3G21810	RSp0160	1	0.00015311
AT5G53060	RSc1349	1	0.00015322
AT2G17990	RSp1042	1	0.00015187
AT4G17220	RSc0321	1	0.52363
AT1G80940	RSc0321	1	0.31146
AT5G41410	RSc0321	1	0.00015914
AT5G42480	RSc0321	1	0.00015605
AT3G21140	RSp0323	1	0.00020182
AT5G22920	RSp0323	1	0.00015179
AT4G26750	RSp0846	1	0.00015119
AT4G00270	RSp0099	1	0.00015225
AT1G71230	RSp0323	1	0.033985
AT2G34090	RSp0323	1	0.00015447
AT3G56400	RSc0868	1	0.00083234
AT2G17990	RSc1349	1	0.60174
AT3G48150	RSc0321	1	0.00015131
AT1G27090	XC_1210	1	0.00015237
AT1G13320	XC_3802	1	0.012236
AT3G14180	XC_0268	1	0.086485
AT3G28670	XC_0542	1	0.00015234
AT3G51090	XC_0268	1	0.00015159
AT3G28670	XC_3802	1	0.00015292
AT4G01090	XC_0268	1	0.00015157
AT3G28670	XC_0268	1	0.00015146
AT3G46670	XC_1210	1	0.00015124
AT3G10260	XC_1210	1	0.020574
AT1G71230	XC_1210	1	0.011951
AT3G46670	XC_0542	1	0.00015187
AT5G02020	XC_0268	1	0.00015549
AT3G51090	XC_1210	1	0.00015166
AT4G26660	XC_0268	1	0.00019709
AT3G28670	XC_1210	1	0.00015175
AT1G71230	XC_0967	1	0.00067666
AT3G14180	XC_1210	1	0.01337
AT3G46670	XC_2994	1	0.00015133
AT3G09980	AAD39255	1	0.00015483
AT5G62760	A0A8A7ASF5	0	0.00015469
AT3G66654	A0A8A7B4Z7	0	0.00017588
AT1G78390	A0A083ZID2	0	0.00015515
AT2G14835	AAC72019	0	0.00015288
AT3G11100	A0A8A7B4Z7	0	0.00064786
AT3G18620	A0A083ZJX9	0	0.00015721
AT3G30845	A0A2L2LHU8	0	0.00015827
AT1G54260	A0A083ZJX9	0	0.00024105
AT5G24790	A0A083ZID2	0	0.0001614
AT2G06530	CAA52221	0	0.00016019
AT5G64580	A0A083ZID2	0	0.00015398
AT4G39745	CAA52221	0	0.00015635
AT3G55770	A0A2L2LHU8	0	0.00015411
AT5G54190	A0A8A7B4Z7	0	0.00019227
AT1G24256	CVI25582	0	0.00015427
AT5G23910	CAA52221	0	0.00017697
AT1G62290	A0A8A7B4Z7	0	0.00016072
AT1G19930	A0A083ZJX9	0	0.00016027
AT1G73080	A0A083ZJX9	0	0.00035279
AT1G53200	CAA52221	0	0.00015594
AT4G28300	CVI25582	0	0.0031647
AT5G09780	A0A8A7ASF5	0	0.00015345
AT2G21290	A0A083ZJX9	0	0.00019088
AT3G54380	CAA52221	0	0.00015533
AT3G58490	A0A083ZID2	0	0.00015718
AT1G72050	CAA52221	0	0.00015829
AT3G53010	CVI25582	0	0.00015194
AT1G65220	A0A2L2LHU8	0	0.00015214
AT4G00080	CVI25582	0	0.00015152
AT5G36670	A0A083ZID2	0	0.00015358
AT2G40620	A0A2L2LHU8	0	0.00015322
AT2G10020	A0A083ZID2	0	0.0025109
AT1G68000	A0A7K1R4P5	0	0.00015243
AT2G21790	A0A7K1R4P5	0	0.00015105
AT2G39720	A0A7K1R4P5	0	0.00015269
AT1G19290	A0A421NUF4	0	0.00016638
AT1G27760	A0A421NUW0	0	0.00015551
AT1G71000	A0A421NUF4	0	0.00016096
AT2G40260	A0A421NUW0	0	0.00020782
AT3G48050	A0A2S8NUD4	0	0.00015183
AT3G09922	A0A421NUF4	0	0.0001545
AT5G55520	WP_011412506	0	0.00015237
AT3G13890	A0A421NXH2	0	0.00016795
AT1G50320	A0A7G1GC98	0	0.00016988
AT1G77080	A0A1S9M2M0	0	0.00022449
AT1G05900	A0A421NY84	0	0.00022524
AT3G29796	A0A421NXH2	0	0.00015301
AT5G64520	A0A421NY84	0	0.00016522
AT4G26040	A0A2S8NUD4	0	0.00019258
AT3G57070	A0A421NUW0	0	0.00016447
AT4G13955	A0A7G1GC98	0	0.54569
AT2G34585	A0A421NUF4	0	0.00017765
AT1G04610	A0A2S8NU52	0	0.00024685
AT3G08970	A0A421NXH2	0	0.00018667
AT4G25110	WP_011412506	0	0.00015402
AT3G05920	A0A2S8NUD4	0	0.00020943
AT1G22490	A0A2S8NUD4	0	0.00015991
AT3G13740	A0A421NV20	0	0.00015336
AT1G12050	A0A421NUW0	0	0.00024187
AT2G32640	A0A421NV20	0	0.00015198
AT1G06950	A0A2S8NUD4	0	0.00015222
AT2G27220	WP_011412506	0	0.00024365
AT4G24820	A0A2S8NU52	0	0.00015364
AT2G34670	A0A2S8NU52	0	0.00015373
AT1G31960	A0A1S9M2M0	0	0.00015733
AT1G06210	A0A421NUF4	0	0.00015677
AT3G02280	A0A7G1GC98	0	0.00016046
AT3G44735	A0A421NXH2	0	0.57524
AT5G55660	A0A421NXH2	0	0.00016469
ATMG00860	A0A1S9M2M0	0	0.00016395
AT4G38590	A0A421NXH2	0	0.00016422
AT2G31700	A0A421NY84	0	0.00016135
AT5G49480	A0A421NV20	0	0.00015552
AT5G46070	A0A421NXH2	0	0.00015739
AT2G04032	A0A1P8YXK4	0	0.00017969
AT1G17820	A0A1P8YXP1	0	0.0001518
AT4G02720	A0A1P8YXI9	0	0.00015983
AT4G21192	A0A1P8YY09	0	0.00017696
AT3G08020	A0A1P8YXL2	0	0.00016513
AT3G01850	A0A1P8YXI9	0	0.00016796
AT1G55080	I7A175	0	0.00015163
AT1G53645	ACY70449	0	0.0001542
AT2G32500	ACY70449	0	0.00015558
AT5G56340	I7A175	0	0.00015342
AT2G30390	ACY70449	0	0.00015646
AT4G10250	I0C0A2	0	0.00038686
AT2G15020	OEC60	0	0.00016747
AT3G18290	OEC63	0	0.00015683
AT1G69295	OEC115	0	0.00023262
AT5G04280	OEC85	0	0.00027117
AT1G30140	OEC115	0	0.00017549
AT2G30110	OEC115	0	0.00015262
AT1G77000	OEC25	0	0.00016058
AT5G54850	OEC67	0	0.00018184
AT3G43833	OEC123	0	0.00017649
AT1G79960	OEC89	0	0.00019744
AT3G17150	G9BES2	0	0.021168
ATCG00150	A0A088QD37	0	0.00016031
AT4G15030	OEC55	0	0.00017218
AT5G61570	OEC23a	0	0.00016119
AT5G44700	A0A088QD41	0	0.00023972
AT1G55300	A0A088QCR3	0	0.00016223
AT3G25060	A0A088QD51	0	0.00015735
AT5G19680	A0A088QTX0	0	0.00015877
AT1G09760	OEC55	0	0.00018224
AT1G62220	OEC23b	0	0.00016247
AT1G24490	OEC84	0	0.00017968
AT1G27650	OEC23a	0	0.00016762
AT5G63380	OEC23a	0	0.00015851
AT3G10480	A0A088QFA2	0	0.00027663
AT1G66840	OEC59	0	0.00015477
AT1G19330	A0A088QFA2	0	0.0001795
AT3G08020	A0A088QTV6	0	0.00015571
AT1G06900	A0A088QD55	0	0.00016529
AT3G59940	OEC23a	0	0.00016183
AT5G30520	OEC67	0	0.00022648
AT2G33760	A0A088QCR3	0	0.00015399
AT3G15670	OEC85	0	0.00017031
AT2G39705	A0A088QCQ5	0	0.00022639
AT4G15730	A0A088QTY2	0	0.00015284
AT5G12370	A0A088QTU8	0	0.00015318
AT4G13340	A0A088QD37	0	0.00016193
AT4G13400	A0A088QCQ5	0	0.00017911
AT2G26250	OEC103	0	0.00015654
AT3G51180	OEC101	0	0.00015639
AT5G38200	A0A088QD41	0	0.00018168
AT1G70070	OEC56	0	0.00015628
AT2G19550	OEC84	0	0.00018843
AT3G51560	OEC123	0	0.0019727
AT1G48420	A0A088QD41	0	0.00015753
AT1G51690	A0A088QTU8	0	0.00015802
AT5G23000	OEC123	0	0.00021324
AT5G24790	OEC85	0	0.00025424
AT2G28920	OEC106	0	0.00019465
AT2G07240	OEC27	0	0.00015244
AT1G44090	OEC76	0	0.00019483
AT3G10880	A0A088QCQ5	0	0.00015888
AT5G38050	OEC71	0	0.00016846
AT4G26970	OEC59	0	0.0001565
AT5G51220	OEC35	0	0.00015904
AT5G44350	A0A088QD67	0	0.0001592
AT5G01050	OEC25b	0	0.00016152
AT3G54640	OEC71	0	0.000169
AT5G42630	A0A088QCN8	0	0.00016708
AT5G42790	OEC112	0	0.00019345
AT2G22790	OEC68	0	0.00015774
AT2G40030	A0A088QFA2	0	0.00021613
AT4G17070	A0A088QU06	0	0.00015912
AT1G75340	OEC89	0	0.00016096
AT3G54610	OEC76	0	0.00017098
AT5G09340	OEC117	0	0.00020802
AT4G19390	A0A088QTX0	0	0.00016533
AT3G09150	OEC25	0	0.00016448
AT1G15970	OEC68	0	0.00015791
AT1G79690	OEC67	0	0.00015184
AT1G25112	OEC23b	0	0.00015738
AT1G66080	OEC23b	0	0.00016482
AT2G36030	OEC123	0	0.0013793
AT5G47380	OEC16a	0	0.00015346
AT3G47620	A0A088QCP1	0	0.0014434
AT3G12130	OEC119	0	0.00016462
AT5G45570	OEC35	0	0.00015306
AT1G05770	OEC25	0	0.00032213
AT3G60730	A0A088QD32	0	0.00015547
AT1G77300	OEC45	0	0.00015778
AT2G30680	A0A088QCP1	0	0.00017196
AT2G21160	OEC123	0	0.00015688
AT5G63610	OEC103	0	0.00015664
AT2G37390	OEC35	0	0.00015567
AT1G64080	A0A088QD50	0	0.00019898
AT1G04140	OEC60	0	0.0001581
AT1G79920	OEC112	0	0.00046136
AT5G60380	OEC25	0	0.00016147
AT3G58090	OEC119	0	0.00016478
AT1G32750	OEC63	0	0.00015452
AT1G15430	OEC115	0	0.00018153
AT3G27880	OEC59	0	0.00015994
AT3G62670	A0A088QTU8	0	0.00017559
AT1G69920	OEC21	0	0.00016065
AT3G25716	A0A088QTU8	0	0.00022914
AT1G67250	OEC27	0	0.00021102
AT1G51490	OEC25	0	0.00016455
AT4G31805	OEC23a	0	0.00015965
AT5G52710	A0A088QTW1	0	0.0001577
AT5G43540	OEC78	0	0.023758
AT4G22910	A0A088QF43	0	0.00016462
AT3G30520	OEC59	0	0.00015721
AT5G58510	OEC76	0	0.00016437
AT5G10950	OEC25	0	0.0001585
AT2G47910	OEC103	0	0.00017494
AT2G27570	OEC78	0	0.00018417
AT3G24070	A0A088QD32	0	0.00015819
AT1G29570	OEC27	0	0.00015289
AT3G11950	OEC25b	0	0.00015785
AT5G53080	OEC55	0	0.00017748
AT5G20670	G9BES2	0	0.0001579
AT2G07170	A0A088QD51	0	0.00015761
AT5G17090	OEC68	0	0.00016608
AT1G12330	OEC76	0	0.00017119
AT4G12790	OEC56	0	0.00016595
AT2G30290	A0A088QD55	0	0.00015538
AT1G06140	OEC25	0	0.00016327
AT2G20930	OEC27	0	0.00018053
AT3G13330	A0A088QD41	0	0.00015357
AT5G22420	OEC25b	0	0.00016195
AT2G41410	OEC67	0	0.0001798
AT5G22950	A0A088QCR3	0	0.00016256
AT1G69940	A0A088QTV6	0	0.0001559
AT1G77960	OEC23b	0	0.0001528
AT3G10480	A0A088QF41	0	0.00015214
AT1G79280	A0A088QD38	0	0.00015162
AT1G49340	OEC54	0	0.00015252
AT5G39760	OEC21	0	0.00026325
AT3G09020	A0A088QD37	0	0.00015656
AT4G01880	OEC23b	0	0.00015614
AT3G10480	A0A088QD37	0	0.00015434
AT4G22880	A0A088QD32	0	0.00016014
AT2G37975	OEC21	0	0.00028774
AT5G55610	OEC56	0	0.00018781
AT1G67820	OEC61	0	0.00017042
AT3G57970	OEC84	0	0.00015835
AT1G02670	OEC23a	0	0.00015636
AT3G04870	A0A088QCP1	0	0.00015292
AT2G23420	A0A088QD32	0	0.00015402
AT5G35690	A0A088QTX0	0	0.00015434
AT1G77885	A0A088QU06	0	0.0062139
AT2G43320	A0A088QCN8	0	0.00015472
AT2G07170	OEC85	0	0.00015954
AT3G52115	OEC39	0	0.00015477
AT3G07770	A0A088QF54	0	0.00015626
AT1G04690	A0A088QU06	0	0.0001613
AT1G12520	A0A088QCN8	0	0.0001592
AT2G45460	OEC78	0	0.00015412
AT1G33055	OEC25b	0	0.00022392
AT3G57360	OEC76	0	0.00019652
AT3G13330	OEC85	0	0.00015566
AT1G63480	A0A088QD67	0	0.00015654
AT2G19450	OEC25	0	0.00015763
AT3G45300	A0A088QCP1	0	0.00015811
AT5G52580	A0A088QF57	0	0.00015417
AT3G45020	OEC25b	0	0.00019305
AT3G15440	A0A088QF41	0	0.00017891
AT1G12520	A0A088QTU8	0	0.00016119
AT4G30080	A0A088QF54	0	0.00015579
AT3G59300	A0A088QD37	0	0.00016627
AT5G63750	OEC113	0	0.00015763
AT1G63990	OEC23a	0	0.00016922
AT5G19680	OEC39	0	0.00016163
AT2G18950	OEC110	0	0.00016052
AT5G43310	A0A088QF57	0	0.00015406
AT2G32640	OEC25	0	0.0001557
AT2G27330	OEC61	0	0.00033803
AT1G80290	OEC25b	0	0.00016038
AT1G32900	OEC16	0	0.00015596
AT1G10550	OEC25	0	0.054646
AT5G51450	OEC23a	0	0.00015613
AT1G59640	A0A088QCQ5	0	0.00015752
AT5G67620	OEC106	0	0.00016305
AT1G70180	OEC16	0	0.00019377
AT3G46750	OEC39	0	0.00015621
AT3G12380	OEC115	0	0.00015637
AT2G14835	OEC85	0	0.00016345
AT1G80090	OEC92	0	0.00017093
AT5G49450	OEC61	0	0.00021416
AT3G59940	OEC68	0	0.00015789
AT2G26370	OEC119	0	0.00017087
AT3G17700	OEC23a	0	0.00015686
AT3G44660	OEC110	0	0.0002151
AT2G41290	OEC106	0	0.0001598
AT5G62860	A0A088QD41	0	0.00017288
AT5G11390	OEC23b	0	0.00015279
AT5G12040	OEC54	0	0.00019799
AT3G59420	A0A088QCP1	0	0.00046216
AT1G19060	OEC84	0	0.00024598
AT4G25980	OEC45	0	0.00016149
AT1G77990	OEC67	0	0.00015509
AT4G18400	OEC113	0	0.00025096
AT1G19290	OEC27	0	0.00015378
AT5G11030	G9BES2	0	0.00015327
AT5G49430	OEC23a	0	0.00015568
AT5G15560	A0A088QF73	0	0.00016971
AT3G19590	A0A088QD51	0	0.00016256
AT1G04690	A0A088QTW1	0	0.00015899
AT3G19970	A0A088QCQ5	0	0.00016991
AT1G77520	A0A088QD32	0	0.00016155
AT1G64050	A0A088QTU8	0	0.00015591
AT1G01030	OEC54	0	0.00016107
AT1G22910	OEC21	0	0.00017882
AT3G16700	A0A088QF43	0	0.00017578
AT5G20080	OEC27	0	0.0001625
AT5G01860	OEC63	0	0.00019451
AT3G29250	A0A088QD32	0	0.00015683
AT5G14990	G9BES2	0	0.00015188
AT5G64830	A0A088QTW1	0	0.00015709
AT1G09640	OEC71	0	0.00015863
AT4G12790	OEC23b	0	0.000155
AT4G16850	A0A088QCN8	0	0.00015514
AT4G19520	OEC61	0	0.00089377
AT5G11980	A0A088QF73	0	0.00016891
AT1G31310	OEC89	0	0.00021503
AT2G26440	OEC103	0	0.00015537
AT2G11890	OEC103	0	0.00018437
AT5G09876	OEC23a	0	0.00018972
AT5G46295	OEC117	0	0.19338
AT2G26550	OEC78	0	0.00017583
AT3G47620	A0A088QD47	0	0.00015332
AT3G17150	OEC60	0	0.00020597
AT4G01100	OEC39	0	0.00015733
AT1G03110	OEC23a	0	0.00015953
AT1G75100	A0A088QD37	0	0.00015476
AT5G19070	OEC68	0	0.00016754
AT5G36290	A0A088QTW1	0	0.00015795
AT2G21440	OEC76	0	0.00016161
AT3G43870	A0A088QCP1	0	0.00017154
AT4G30080	A0A088QTV6	0	0.00015388
AT2G10535	OEC54	0	0.00025077
AT4G31830	A0A088QTY2	0	0.089319
AT4G30080	A0A088QFA2	0	0.00016922
AT5G07820	OEC21	0	0.00015183
AT5G05740	A0A088QTV6	0	0.0001552
AT2G25110	OEC21	0	0.00016396
AT3G52070	A0A088QF73	0	0.00034077
AT4G01090	A0A088QD67	0	0.00015405
AT5G35631	A0A088QCP1	0	0.00035361
AT3G61630	OEC23a	0	0.00021392
AT4G04770	OEC110	0	0.00015502
AT1G02670	OEC56	0	0.00016485
AT5G64710	OEC25b	0	0.00015444
AT3G47720	A0A088QD55	0	0.00017471
AT5G37450	OEC71	0	0.0011427
AT1G09760	OEC123	0	0.00016061
AT4G22890	A0A088QFA2	0	0.00024129
AT3G19440	OEC119	0	0.00016014
AT5G49600	OEC23b	0	0.00016778
AT5G45573	A0A088QU06	0	0.00016491
AT4G24840	A0A088QTU8	0	0.00015522
AT2G47580	A0A088QF54	0	0.000173
AT4G09210	OEC85	0	0.00058139
AT1G80650	OEC76	0	0.00020508
AT3G26370	OEC89	0	0.00016478
AT5G08490	A0A088QCR3	0	0.0001532
AT1G70950	OEC60	0	0.00015741
AT3G50685	OEC35	0	0.00018552
AT3G55320	OEC55	0	0.00015673
AT1G31250	OEC78	0	0.00019193
AT2G12875	OEC23a	0	0.00015912
AT2G03150	OEC115	0	0.00015647
AT3G19090	A0A088QCQ5	0	0.00015737
AT1G31410	OEC25b	0	0.00016068
AT3G15820	OEC117	0	0.00015714
AT5G14450	OEC68	0	0.00016125
AT2G44370	A0A088QD38	0	0.00019017
AT4G23330	A0A088QCN8	0	0.00015432
AT3G09150	OEC92	0	0.00020384
AT4G18810	A0A088QD41	0	0.00016216
AT3G04160	A0A088QD37	0	0.00015434
ATCG00350	A0A088QTY2	0	0.0001551
AT2G16190	A0A088QCR3	0	0.00015281
AT5G20240	A0A088QD41	0	0.00019094
AT2G37110	OEC27	0	0.00015464
AT3G02150	A0A088QF54	0	0.00063682
AT1G20520	A0A088QD51	0	0.00017143
AT5G40460	A0A088QF73	0	0.00029918
AT4G12070	A0A7T1KNM3	0	0.00015435
AT3G26110	A0A7T1KNJ7	0	0.00015568
AT1G24490	A0A7T1KNM3	0	0.00015489
AT1G78100	A0A7T1KNJ7	0	0.00015364
AT3G13550	A0A7T1KNM3	0	0.00018196
AT2G14700	A0A7T1NUM3	0	0.00015293
AT5G08290	AEN69461	0	0.00016711
AT3G10880	AEN69461	0	0.00015399
AT4G09110	A0A7T1NUM3	0	0.00015563
AT2G04530	ADM21466	0	0.00016254
AT5G27920	AAP30775	0	0.00015311
AT5G17590	ADM21466	0	0.00021011
AT5G02550	AAO33473	0	0.00027353
AT3G25905	AAP30775	0	0.50033
AT3G33494	AJR22224	0	0.00015697
AT1G55630	AJR22224	0	0.0001698
AT2G34120	ADM21466	0	0.00022612
AT3G14310	G3GD54	0	0.00053305
AT5G44065	ACN93668	0	0.00017222
AT1G67080	AJR22224	0	0.00020121
AT3G10980	G3GD54	0	0.00015706
AT3G20930	ABY49997	0	0.00015715
AT1G47128	G3GD54	0	0.00023775
AT2G31320	AJR22224	0	0.00015365
AT1G73230	ACN93668	0	0.00015508
AT1G76810	AJR22224	0	0.00033803
AT5G16480	G3GD54	0	0.00022292
AT3G20310	AJR22224	0	0.00016178
AT2G24370	G3GD54	0	0.00068175
AT3G21300	ABY49997	0	0.00017396
AT1G79430	M4BQA8	0	0.0001616
AT5G49260	A0A090BBM0	0	0.00016199
AT1G27050	A0A090C2W1	0	0.00016791
AT3G21110	HaRxLL518_WACO9	0	0.0015363
AT1G16780	A0A090BBF2	0	0.00025391
AT5G03460	M4BXZ0	0	0.00015637
AT2G41705	A0A090BBK9	0	0.00015347
AT3G43940	G3C9Q5	0	0.00015484
AT1G21510	HARXL74	0	0.0001709
AT3G25690	A0A090BAW9	0	0.00015116
AT5G38380	HARXLL470_WACO9	0	0.00017332
AT1G28630	M4BA12	0	0.00015146
AT4G32050	M4BQH6	0	0.00015368
AT4G20400	A0A090BH16	0	0.00015232
AT1G33055	A0A090C2T0	0	0.00049897
AT1G79390	HaRxLL492	0	0.70459
AT2G25650	A0A090B8F6	0	0.00016511
AT2G20610	A0A090BHJ3	0	0.00015326
AT2G28230	ATR1_CALA2	0	0.00015613
AT3G18720	M4BPM9	0	0.00015566
AT4G28703	M4C6E4	0	0.00015687
AT1G20410	G3C9S1	0	0.00015727
AT3G56010	A0A090C2P7	0	0.00015602
AT3G54730	M4B2Q3	0	0.00015347
AT3G06240	A0A090C2S7	0	0.00015663
AT1G16630	M4BUV8	0	0.00017186
AT2G35540	M4BCJ5	0	0.00015618
AT4G29000	A0A090BGZ4	0	0.00015155
AT1G13410	A0A090C2P1	0	0.00015421
AT4G25130	G3C9T9	0	0.00017049
AT5G27410	G3C9Q6	0	0.00015182
AT5G45520	A0A090B8W9	0	0.00015547
AT1G12330	HARXL45_A	0	0.0013164
ATCG00720	A0A090B907	0	0.00018128
AT1G47870	A0A090C2V8	0	0.00015486
AT3G49160	G3C9Q5	0	0.00015338
AT3G60940	M4BYG3	0	0.00068777
AT5G37290	A0A090BC03	0	0.00017374
AT2G42975	A0A090C2P0	0	0.00015368
AT1G61730	M4BBA4	0	0.00015394
AT5G17690	A0A090BBF2	0	0.00015206
AT1G06130	M4BW44	0	0.00049472
AT4G03566	A0A090BBQ1	0	0.00016835
AT1G05180	M4BQK1	0	0.00015136
AT1G56345	M4BBA4	0	0.00015349
AT4G32605	ATR1_EMWA1	0	0.00017551
AT4G37650	M4BZ57	0	0.00015174
AT2G34720	M4C6E4	0	0.00015553
AT4G25200	G3C9S2	0	0.0098113
AT3G08040	M4BQQ8	0	0.0055404
AT3G18720	M4BGM5	0	0.00015561
AT5G55100	A0A090BC09	0	0.00016174
AT2G21470	HARXL69	0	0.0001611
AT1G68940	A0A090B8S0	0	0.00015314
AT1G18070	A0A090C2T1	0	0.00015873
AT1G31290	G3C9T9	0	0.00015659
AT3G58280	A0A090B8J4	0	0.00016767
AT4G21910	A0A090B8T5	0	0.8499
AT5G46170	A0A090B8U3	0	0.00015356
AT5G51450	AAX51198	0	0.00015665
AT3G48150	A0A090C2R7	0	0.00015183
AT2G31945	A0A090BBB6	0	0.00030733
AT1G27008	A0A090BBF7	0	0.00015561
AT4G37880	M4BQ01	0	0.00015135
ATCG00890	A0A090B8E1	0	0.00015486
AT3G02150	A0A090B8G1	0	0.00017716
AT4G24840	A0A090BGY5	0	0.00015346
AT3G30180	A0A090BBA4	0	0.00015655
AT2G29040	HARXL8	0	0.0001533
AT1G08370	A0A090C2T2	0	0.00015441
AT1G54240	G3C9R7	0	0.00016658
AT1G03960	M4C0H2	0	0.00016156
AT5G14220	HARXLL108	0	0.00016187
AT3G57970	M4C3Z0	0	0.00015256
AT2G04425	HARXL21	0	0.00015379
AT2G24420	HaRxLL515	0	0.00016391
AT5G40430	HARXL74	0	0.00020049
AT1G72640	M4B6K1	0	0.00016499
AT4G17750	A0A090B8W9	0	0.00015396
AT1G10910	A0A090C2P1	0	0.00015491
AT1G65050	HaRxLL517_WACO9	0	0.00023807
AT3G07860	HARXL22	0	0.00016602
AT1G20980	G3C9Q6	0	0.00015565
AT4G25433	M4BS84	0	0.0092297
AT3G55990	ATR1_EMWA1	0	0.00015238
AT5G27230	M4BZR7	0	0.00015173
AT2G33255	M4BQQ6	0	0.00015526
AT3G13330	A0A090BBA4	0	0.00015446
AT3G20230	M4BUV8	0	0.00015887
AT3G04260	A0A090BFE2	0	0.00015678
AT1G25580	A0A090BBZ9	0	0.00015837
AT4G31390	M4BCJ5	0	0.00015368
AT1G80260	HaRxL149	0	0.00015417
AT4G30970	M4BZC8	0	0.00015318
AT5G24660	M4BUV8	0	0.00015799
AT3G43870	M4BDA1	0	0.00015535
AT3G22110	A0A090C2R7	0	0.00020774
AT4G28460	A0A090BH70	0	0.00016099
AT2G06555	A0A090B8U3	0	0.00015943
AT3G20650	G3C9U3	0	0.00015258
AT2G20210	M4B7R5	0	0.00015209
AT3G56470	M4BSD4	0	0.00015384
AT1G62340	M4BQ01	0	0.00015679
AT1G45165	M4BGM5	0	0.0001587
AT1G13755	HARXL21	0	0.0001519
AT4G18250	A0A090B8N4	0	0.10585
AT4G26910	A0A090B8I5	0	0.025635
AT3G01810	HARXL21	0	0.00016776
AT3G16310	M4B7R5	0	0.00015345
AT2G15400	M4BG46	0	0.0001524
AT1G47389	A0A090B8G2	0	0.00015786
AT1G48960	HARXL47_A	0	0.00015522
AT2G06010	A0A090C2W1	0	0.00018216
AT3G45830	HaRxL146	0	0.00015321
AT2G38960	HARXL89	0	0.00016856
AT2G02490	A0A090C2T4	0	0.00024805
AT3G10390	A0A090BFR3	0	0.00015514
AT5G38895	M4BGM5	0	0.00015226
AT5G49820	A0A090C2W2	0	0.00015209
AT3G27550	A0A090C2T0	0	0.00015584
AT3G15890	M4C483	0	0.00046044
AT5G64980	A0A090B907	0	0.00015737
AT5G36790	M4BJN7	0	0.00015667
AT1G73530	M4BW44	0	0.00023083
AT3G29385	M4BM57	0	0.0001547
AT5G24400	M4C3I0	0	0.0001529
AT5G63905	A0A090B8N8	0	0.0001629
AT2G17580	M4BQV0	0	0.00015196
AT1G11780	A0A090B8U3	0	0.00015342
AT3G44890	A0A090BFE2	0	0.00018563
AT5G45660	M4B9V2	0	0.00046776
AT2G04845	A0A090BFF6	0	0.00016491
AT5G59230	A0A090BFF6	0	0.00015237
AT4G00980	G3C9L1	0	0.00015339
AT3G13437	HARXL42	0	0.00022085
AT2G21150	M4C2S2	0	0.00015326
AT4G02150	M4BNB8	0	0.0095134
AT5G53450	A0A090BBL4	0	0.00017766
AT2G19730	M4BYG3	0	0.00016311
AT5G67200	A0A090BF22	0	0.00015911
AT2G25910	A0A090BC21	0	0.00015227
AT5G22608	HARXL45_HIKS1	0	0.00022642
AT5G54410	A0A090BFF6	0	0.00015378
AT4G03170	HaRxLL517_WACO9	0	0.00016769
AT3G61660	M4BM57	0	0.00015431
AT1G44224	A0A090B907	0	0.00016532
AT5G17630	M4BBA4	0	0.00015533
AT3G27840	HaRxL147	0	0.00021852
AT2G01440	M4BZ57	0	0.00015285
AT3G26700	M4C483	0	0.010631
AT2G22940	HARXL14	0	0.00019163
AT2G28150	A0A090BBF2	0	0.00015185
AT4G00980	A0A090BF57	0	0.00015474
AT5G16930	A0A090BFN4	0	0.00015478
AT1G27000	HARXL67	0	0.00015986
AT4G21070	F6MEZ9	0	0.00015621
AT4G38510	A0A090C2P0	0	0.00016683
AT3G45500	HARXL89	0	0.0001658
AT5G61300	A0A090B8K6	0	0.0001542
AT1G22980	HaRxL143	0	0.00015408
AT1G36920	A0A090BBA9	0	0.00015479
AT5G42785	HARXL60	0	0.00016602
AT5G18340	A0A090B8G1	0	0.00015254
AT1G14390	M4BL14	0	0.00023501
AT3G29790	M4BYG3	0	0.00023006
AT4G01140	HaRxL149	0	0.11344
AT1G22600	M4C6E4	0	0.00015279
AT5G46830	A0A090BF22	0	0.00015271
AT5G17090	A0A090B8U3	0	0.00015781
AT5G50890	A0A090BFM4	0	0.00015682
AT3G10116	AAX51204	0	0.00015718
AT5G57020	M4C4S4	0	0.00015339
AT5G57020	M4C2S2	0	0.00015342
AT3G26110	HARXLL445_B_WACO9	0	0.00015856
AT1G17890	M4BXZ0	0	0.00028126
AT3G20060	A0A090C2Q0	0	0.0001573
AT1G65030	A0A090BAY0	0	0.00015859
AT3G58780	G3C9L1	0	0.00015547
AT3G47720	M4C3A4	0	0.000194
AT4G29670	G3C9N3	0	0.00017277
AT4G02425	M4BS36	0	0.00015976
AT2G30140	A0A090BFF6	0	0.0001847
AT5G06810	A0A090C2Q9	0	0.00015235
AT5G53040	A0A090BBA4	0	0.00016883
AT2G31345	HARXL73	0	0.00015116
AT5G11550	A0A090BAY0	0	0.00017037
AT1G15140	A0A090BH44	0	0.0001618
AT1G53280	A0A090B8G2	0	0.00016167
AT5G44130	M4BZM1	0	0.00015273
AT5G40595	A0A090BH70	0	0.0001582
AT5G61280	A0A090BBZ9	0	0.0001542
AT4G31800	A0A090BGY9	0	0.00015234
AT2G20310	HARXL45_A	0	0.00021557
AT4G31830	M4BQX2	0	0.00015495
AT5G11980	M4BNB8	0	0.0001543
AT5G13825	HARXL47_A	0	0.00016056
AT3G57070	A0A090B8Y2	0	0.00015449
AT4G23510	HaRxL147	0	0.00026005
AT4G16380	A0A090C2P7	0	0.0001536
AT5G38500	A0A090B907	0	0.00015661
AT1G67680	G3C9Q5	0	0.00015539
AT1G67820	A0A090BFV2	0	0.00015737
AT5G18420	A0A090BH84	0	0.00016368
AT3G53010	HARXL57	0	0.00015387
AT1G48420	M4B1Y2	0	0.00015237
AT5G16090	M4BG46	0	0.00018785
AT5G52460	A0A090BH74	0	0.00015227
AT3G54380	M4C483	0	0.00015258
AT1G34065	A0A090BH74	0	0.00015342
AT4G08950	M4BVB8	0	0.00015733
AT1G51940	HARXL65	0	0.022541
AT1G80090	M4C2S2	0	0.0001532
AT2G33205	A0A090BAW9	0	0.00034252
AT5G16860	HaRxL147	0	0.00015301
AT4G18440	ATR13_HIND2	0	0.00016981
AT1G04870	A0A090BFK6	0	0.00015672
AT4G24020	A0A090BB92	0	0.00015286
AT1G07010	M4BBA4	0	0.00015309
AT1G29790	M4BVK3	0	0.00016919
AT3G19350	ATR1_EMWA1	0	0.00016211
AT3G54150	A0A090C2P1	0	0.00015523
AT1G62280	HARXL22	0	0.00015139
AT1G52342	A0A090C2Q0	0	0.00015852
AT5G02250	A0A090BH79	0	0.00015298
AT5G16090	HARXL68	0	0.00015893
AT1G07510	A0A090BFT0	0	0.00015432
AT1G26160	A0A090B8J4	0	0.00016259
AT1G06510	M4BVK3	0	0.00015302
AT1G48930	M4B7U5	0	0.00015222
AT5G64440	A0A090BC21	0	0.0001518
AT1G75140	A0A090BH97	0	0.00015477
AT4G37240	M4BSD4	0	0.00015755
AT5G43430	M4BYC3	0	0.00016213
AT3G57650	M4BSD4	0	0.00015415
AT3G21110	G3C9N1	0	0.00019059
AT1G75230	A0A090C2W2	0	0.00017303
AT1G49330	A0A090B8D2	0	0.00015215
AT3G52450	M4C5Y9	0	0.00015503
AT1G60730	A0A090C2N5	0	0.00015682
AT5G62400	M4C2S2	0	0.00015374
AT5G42630	A0A090BHM5	0	0.00021455
AT5G11900	A0A090BFJ5	0	0.00015951
ATCG00580	A0A090B8I5	0	0.00016155
AT4G25330	M4C3Q0	0	0.0002321
AT2G39850	HARXL73	0	0.00015106
AT1G26880	G3C9L8	0	0.00017168
AT1G56440	M4C4S4	0	0.00015224
AT5G12370	A0A090BBU5	0	0.00015173
AT5G22608	M4C378	0	0.00016548
AT2G34585	G3C9S1	0	0.00017577
AT3G17770	M4BXC3	0	0.0001542
AT4G00830	HARXL89	0	0.043478
AT5G19930	A0A090BBF2	0	0.00016269
AT1G55207	HaRxLL515	0	0.00021821
AT1G03300	A0A090BFB0	0	0.00015599
AT5G44700	ATR13_AHND1	0	0.00038066
AT3G17350	M4BGU9	0	0.00015915
AT1G21760	HARXL57	0	0.00015947
AT1G16090	HARXL17_WACO9	0	0.00015155
AT1G11480	M4B689	0	0.00015434
AT5G17620	A0A090B8N4	0	0.00015569
AT5G50890	M4BFJ9	0	0.00015565
AT1G50910	A0A090B8Z8	0	0.00016154
AT2G40910	A0A090BHJ3	0	0.00015386
AT4G36060	M4B7R5	0	0.00015321
AT3G09162	A0A090B8T5	0	0.00044371
AT4G31730	M4BG46	0	0.00015472
AT2G24540	G3C9S1	0	0.00015954
AT5G11980	A0A090BBK9	0	0.00015296
AT2G16440	A0A090C2S8	0	0.0001544
AT4G08310	M4BZ57	0	0.00015157
AT4G36820	AAX51201	0	0.00015631
AT2G23840	A0A090BH84	0	0.00017271
AT5G41020	A0A090BF40	0	0.00018624
AT1G49938	A0A090C2Q9	0	0.23338
AT4G13670	HARXLL470_WACO9	0	0.00025892
AT2G07774	M4BY46	0	0.00015537
AT4G10800	A0A090BH74	0	0.00015344
AT2G32310	A0A090BH84	0	0.00016362
AT1G19120	M4B2Q3	0	0.00016156
AT1G78080	ATR1_CALA2	0	0.00018662
AT2G19730	HARXL42	0	0.00019755
AT4G19191	HARXL68	0	0.00015309
AT1G48170	M4BM57	0	0.00015706
AT5G11550	M4B7U5	0	0.00015729
AT3G56510	HARXL67	0	0.00015679
AT1G26090	M4BY46	0	0.00015148
AT3G49160	A0A090BF22	0	0.00015246
ATMG00130	M4C3Z0	0	0.00016267
AT2G41260	M4B9V2	0	0.00019671
AT2G40910	HARXL40	0	0.0001541
ATMG01130	G3C9S1	0	0.00016761
ATMG01100	M4BQV0	0	0.00015573
AT5G49700	M4B1Y2	0	0.00015266
AT5G16430	M4B5C4	0	0.00015749
AT4G20430	M4B9V2	0	0.00016208
AT4G33630	HaRxLL517_WACO9	0	0.00015677
AT1G34120	HARXLL455	0	0.00018292
AT1G71420	AAX51204	0	0.00015203
AT4G22910	HaRxLL495	0	0.00016572
AT3G25882	M4BM40	0	0.00015498
AT4G22740	HaRxL145	0	0.00016181
AT1G13755	A0A090B8D2	0	0.00015417
AT5G49100	A0A090BH84	0	0.00016171
AT5G52750	M4BQH6	0	0.0001606
AT3G07780	M4BF35	0	0.00015241
AT5G48480	A0A090C2Q9	0	0.00022466
AT2G36090	M4BXH2	0	0.0001536
AT3G07080	G3C9L3	0	0.0002351
AT3G44440	A0A090B920	0	0.00051246
AT1G50450	G3C9U3	0	0.00015548
AT3G08020	M4BDA1	0	0.00015252
AT1G33360	A0A090BBZ9	0	0.00041685
AT4G29110	M4BJN7	0	0.00015398
AT4G26450	G3C9N3	0	0.00015575
AT1G14000	M4BZ57	0	0.00016231
AT5G60150	A0A090BAW9	0	0.00015238
AT4G02780	M4BF35	0	0.00015369
AT4G34330	A0A090BBM0	0	0.00015843
AT2G45250	A0A090C2W0	0	0.00015992
AT3G10910	M4B5C4	0	0.0001538
AT5G61400	M4BQQ6	0	0.00015707
AT3G50910	A0A090B8K6	0	0.00015285
AT2G24340	M4BXP3	0	0.00015329
AT2G22490	A0A090BH44	0	0.00015757
AT1G24140	A0A090B8F6	0	0.00016093
AT4G24750	A0A090BHE7	0	0.00016279
AT4G33550	M4BLX3	0	0.0005883
AT3G20900	HaRxLL517_WACO9	0	0.35429
AT3G49160	M4C3Q0	0	0.00015161
AT5G20100	A0A090BBC0	0	0.00016908
AT4G39700	M4BQ01	0	0.00015617
AT2G19750	G3C9N3	0	0.00018772
AT3G23490	A0A090BBZ9	0	0.00015397
AT1G02065	M4BPM9	0	0.00015998
AT5G04730	M4B9V2	0	0.00016665
AT3G61800	AAX51201	0	0.00015113
AT3G48030	ATR1_EMWA1	0	0.00015311
AT1G11490	M4BNB8	0	0.00015781
AT1G79030	HARXL60	0	0.00015422
AT1G09620	M4BZU9	0	0.00015663
AT1G04920	M4B7U5	0	0.00015181
AT4G26910	M4B7R5	0	0.067919
AT5G21280	A0A090C2P7	0	0.00015898
AT4G28520	G3C9S8	0	0.0006589
AT5G40090	A0A090BH44	0	0.0013668
AT4G26970	HARXL45_A	0	0.00016284
AT1G71420	M4C6E4	0	0.00015324
AT2G09840	M4B316	0	0.00015723
AT5G57410	A0A090BHJ3	0	0.00015114
AT1G64350	A0A090BGZ4	0	0.00015596
AT3G03660	A0A090BF40	0	0.00016835
AT5G10710	A0A090C2U5	0	0.00016248
AT3G30222	A0A090C2V2	0	0.00015644
AT1G23030	M4BZ57	0	0.00017585
AT4G21170	A0A090B8D2	0	0.00015308
AT3G29230	A0A090B8K9	0	0.00019686
AT5G37290	A0A090BH16	0	0.00036925
AT2G19870	A0A090C2P1	0	0.00015497
AT2G32310	HARXLL455	0	0.00019731
AT4G17220	A0A090BC09	0	0.00015134
AT3G03272	M4B7P9	0	0.0014982
AT1G13635	G3C9N3	0	0.00015945
AT3G63540	A0A090BFT0	0	0.00016562
AT1G26680	A0A090BF40	0	0.00015677
AT2G41231	M4BGU9	0	0.00017256
AT5G06740	A0A090B8Y2	0	0.00023574
AT3G04680	HARXL106_CALA2	0	0.00016699
ATCG00350	M4BQX2	0	0.00015426
AT1G80970	HARXL106_CALA2	0	0.0001553
AT1G54570	A0A090B8W5	0	0.00015271
AT4G26970	M4BPM9	0	0.00015676
AT3G61260	M4BUV8	0	0.00016252
AT5G40430	M4BAV3	0	0.00019047
AT1G61780	M4BQA8	0	0.00015962
AT3G16700	A0A090B8S3	0	0.00019165
AT1G77990	A0A090B920	0	0.0001606
AT2G02050	A0A090BC09	0	0.00015346
AT5G18748	HARXL69	0	0.00052549
AT5G11980	A0A090BFN4	0	0.00015481
AT3G29250	A0A090BH74	0	0.00015252
AT3G26110	G3C9M3	0	0.00015464
AT1G17840	A0A090B907	0	0.00040265
AT2G24810	M4BDA1	0	0.00015586
AT1G02220	A0A090C2U5	0	0.00015928
AT5G50115	A0A090BFJ5	0	0.0001536
AT4G28760	M4C1G8	0	0.00015147
AT3G02340	A0A090C2U5	0	0.0001656
AT5G56290	G3C9U3	0	0.0001544
AT5G39250	M4C378	0	0.00015895
AT1G69020	M4BUU2	0	0.00015935
AT1G54570	A0A090C2W1	0	0.0001551
AT2G13125	M4BF35	0	0.00015576
AT4G15010	A0A090B8W9	0	0.00015382
AT1G79460	M4BDA1	0	0.00015452
AT1G55420	M4BS84	0	0.00015303
AT5G07280	HaRxLL515	0	0.00023267
AT5G54930	A0A090BFR3	0	0.00015739
AT4G19700	M4C1G8	0	0.00015138
AT5G43250	M4B2Q3	0	0.00015414
AT5G22630	M4BEA1	0	0.0002135
AT3G49160	M4C3A4	0	0.00015283
AT3G49725	G3C9L3	0	0.00015456
AT3G44070	A0A090C2T0	0	0.00015962
AT5G36100	A0A090B8G1	0	0.00017186
AT5G01420	HARXL69	0	0.00016278
AT3G26050	A0A090BFM4	0	0.00015684
AT4G37030	M4B7R5	0	0.0001523
AT1G53640	HARXL60	0	0.00015569
AT5G02480	HARXL10_WACO9	0	0.00016853
AT5G48950	CCC55840	0	0.00015976
AT1G55265	M4BB41	0	0.0001667
AT2G43270	A0A090BC09	0	0.0001562
AT2G40300	ATR1_BICO5	0	0.00016378
AT2G26470	ATR1_CALA2	0	0.00020414
AT4G36970	A0A090C2W1	0	0.00015669
AT2G25160	M4BXP3	0	0.00015298
AT4G08351	A0A090BBF7	0	0.00016255
AT1G49030	HARXL40	0	0.00015528
AT5G26060	M4BQV0	0	0.00059209
AT1G55670	M4BAA9	0	0.00017048
AT5G02550	A0A090B8W0	0	0.00020985
AT1G07700	M4C099	0	0.00015377
AT4G09110	AAX51201	0	0.00015448
AT1G03960	A0A090B8N8	0	0.00016005
AT2G27310	A0A090BBF7	0	0.00016864
AT5G51740	A0A090BBX2	0	0.00015861
AT3G11680	A0A090BBA4	0	0.0001604
AT2G47830	G3C9P7	0	0.00015987
AT1G53600	A0A090C2Q8	0	0.00015416
AT1G73490	M4C4S4	0	0.00015385
AT5G64890	ATR1_EMWA1	0	0.00015811
AT3G60680	A0A090BF57	0	0.00015343
AT4G27490	A0A090C2S7	0	0.00017813
AT1G76060	A0A090C2P0	0	0.00015623
AT1G10510	M4BWK6	0	0.00015607
AT5G38310	A0A090B8M6	0	0.00016719
ATCG00730	M4BNB8	0	0.00016472
AT1G72870	M4BVB8	0	0.00069452
AT2G23840	M4BL14	0	0.00015348
AT2G33460	M4BDA1	0	0.0001549
AT5G40410	A0A090BGY5	0	0.00015784
AT1G37000	M4B6K1	0	0.00016615
AT1G36950	A0A090B8N4	0	0.00015683
AT3G09980	M4BA61	0	0.00015258
AT1G59960	HaRxLL518_WACO9	0	0.00031023
AT1G32230	M4B4Q6	0	0.00015962
AT2G21290	M4BHD2	0	0.00015723
AT4G11120	M4B9V2	0	0.00016447
AT5G14450	A0A090B8J4	0	0.00015739
AT1G10740	M4BBA4	0	0.00015299
AT5G09650	M4BXP3	0	0.00015761
AT5G06920	A0A090B8N4	0	0.0001593
AT2G38025	M4BPM9	0	0.00016932
AT3G03720	HARXL57	0	0.00015486
AT5G03430	A0A090BGY5	0	0.00015427
AT5G18730	M4C099	0	0.00015281
AT5G25270	A0A090C2P1	0	0.00015194
AT4G30000	M4BVB8	0	0.00015654
AT3G13437	A0A090C2W2	0	0.0072415
AT1G72645	A0A090C2Q9	0	0.93972
AT4G05220	M4BQX2	0	0.00015327
AT1G03960	A0A090BGY5	0	0.0001687
AT2G21440	A0A090BAY0	0	0.00015559
AT5G21110	M4B1Y2	0	0.00015434
AT5G59230	HARXL22	0	0.00015688
AT2G02050	A0A090B8E1	0	0.00015804
AT1G30795	HARXL10_WACO9	0	0.00016979
AT1G19460	AAX51204	0	0.00015349
AT5G03510	AAX51204	0	0.00015358
AT3G24600	M4C2S2	0	0.00015644
AT5G09610	HaRxLL515	0	0.00045129
AT4G22930	A0A090C2T4	0	0.00016337
AT3G01090	M4BM57	0	0.00032741
AT1G03960	A0A090B8U3	0	0.00015785
AT3G12500	M4BGU9	0	0.00021107
AT3G49725	M4BPV4	0	0.00017947
AT1G52670	A0A090C2T1	0	0.00024455
AT3G59390	M4BSD4	0	0.00019727
AT1G55365	F6MEZ9	0	0.00017055
AT4G33150	G3C9P7	0	0.00015207
AT5G38410	A0A090B8E1	0	0.00015852
AT5G65210	M4C099	0	0.00041659
AT3G52740	A0A090BBB6	0	0.00016713
AT1G08600	HARXL14	0	0.00015338
AT1G49310	A0A090BBM0	0	0.025116
AT1G45545	M4BVK3	0	0.00015537
AT3G58280	A0A090C2Q0	0	0.00015225
AT3G56530	A0A090B8W9	0	0.00017106
AT3G19820	A0A090BFB0	0	0.00015414
AT1G08670	M4C3Z0	0	0.00015399
AT5G64090	G3C9Q5	0	0.00015714
AT1G24530	HARXL69	0	0.00015927
AT2G30340	M4B1Y2	0	0.00015272
AT1G02680	HARXL42	0	0.00016377
AT4G33540	A0A090BBJ5	0	0.00015892
AT4G29580	A0A090B8K9	0	0.00015428
AT2G07775	M4BQH6	0	0.00015582
AT2G44200	G3C9R7	0	0.0001562
AT5G17520	A0A090B8U3	0	0.00015384
AT4G02200	ATR1_EMCO5	0	0.00015915
AT4G30410	A0A090C2N5	0	0.00015601
AT3G48150	A0A090C2P7	0	0.00015352
AT3G47630	A0A090BBM5	0	0.000153
AT5G22630	M4C4S4	0	0.00070729
AT1G16070	M4C099	0	0.00015282
AT1G53163	A0A090B8T5	0	0.00015506
AT2G20635	A0A090BBZ9	0	0.0024964
AT4G19700	A0A090B8T5	0	0.00015471
AT5G02550	M4BGM5	0	0.00015621
AT1G24530	ATR1_BICO5	0	0.00015452
AT3G53180	ATR1_EMWA1	0	0.0001517
ATCG00140	A0A090C2P7	0	0.00016236
AT5G37930	M4BHD2	0	0.00015179
AT3G25790	A0A090B920	0	0.00016625
AT5G19840	M4BQK1	0	0.00015258
AT3G11230	HARXLL445	0	0.00017785
AT3G06570	G3C9Q6	0	0.00015819
AT1G08650	A0A090BBS7	0	0.00018304
AT5G53710	M4BXC3	0	0.0001599
AT2G46880	HaRxLL518_WACO9	0	0.0001605
AT3G26616	M4B9V2	0	0.00017308
AT3G59660	HARXL68	0	0.00015538
AT3G52560	A0A090BBF2	0	0.00016299
AT2G17010	A0A090C2U9	0	0.00015316
AT3G54010	M4BQK1	0	0.00015347
AT3G58320	M4BEA1	0	0.00015545
AT2G18510	M4BYC3	0	0.00015553
AT1G49980	M4B9V2	0	0.00015548
AT5G55100	M4BXP3	0	0.00015191
AT4G19920	A0A090C2V2	0	0.078619
AT3G16310	A0A090B8W0	0	0.0001543
AT1G52300	A0A090BFN4	0	0.0002747
AT3G21080	HARXL10_WACO9	0	0.00022383
AT2G21790	M4BQQ6	0	0.00015132
AT5G53930	A0A090BHE7	0	0.00015631
AT1G13030	A0A090C2W2	0	0.00015248
AT5G61400	A0A090BBT1	0	0.00015643
AT2G28410	HARXLCRN4	0	0.00016418
AT3G51520	M4C0H2	0	0.00015625
AT5G64920	A0A090C2T4	0	0.00015429
AT3G56470	A0A090BH74	0	0.00015213
AT5G39940	M4BXP3	0	0.00015589
AT1G18730	M4C3I0	0	0.00015238
AT3G62990	ATR1_EMCO5	0	0.0001729
AT1G54140	A0A090C2P1	0	0.00015894
AT2G26460	M4BQA8	0	0.00015283
AT1G52950	A0A090BBX2	0	0.0001553
AT4G15650	M4BAA9	0	0.00015655
AT2G27730	M4BUV8	0	0.00015873
AT2G34710	A0A090B8F6	0	0.00015623
AT5G43540	A0A090BHA2	0	0.0001715
AT5G46460	A0A090BH44	0	0.00015562
AT5G64520	ATR1_BICO5	0	0.00015234
AT1G69980	A0A090B8W9	0	0.00016378
AT2G28700	M4BZ57	0	0.000154
AT4G23890	HARXL47_B	0	0.00025903
AT5G46280	M4BM57	0	0.00015203
AT3G36659	HARXLL445_B_WACO9	0	0.00018133
AT2G20570	A0A090C2W0	0	0.00017571
AT2G03670	A0A090BBT1	0	0.00015773
AT3G01060	A0A090BHM5	0	0.00016232
AT1G03940	G3C9U3	0	0.0001555
AT1G32270	HaRxLL495	0	0.00015471
AT3G61750	A0A090BBF7	0	0.00015145
AT4G17220	G3C9S5	0	0.00015566
AT3G61960	M4BXC3	0	0.00021171
AT2G02450	M4B316	0	0.00015994
AT3G49230	G3C9R7	0	0.00025502
AT2G33150	M4BNB8	0	0.00054927
AT1G28420	M4B689	0	0.00015544
AT1G66980	A0A090BHE7	0	0.00026892
AT3G14170	A0A090C2P1	0	0.00015342
AT5G28090	A0A090BC03	0	0.00018124
AT1G15530	HARXLL445	0	0.95532
AT4G21270	ATR13_AHND1	0	0.00017506
AT4G00980	A0A090BBC0	0	0.00015335
AT1G12680	A0A090C2W2	0	0.0036424
AT4G35130	M4C5Y9	0	0.00015759
AT1G64310	G3C9S2	0	0.00015358
AT2G40240	M4B7U5	0	0.00015476
AT3G60860	G3C9U6	0	0.00015346
AT4G35130	A0A090BFJ5	0	0.00015579
AT5G13420	ATR13_HIND2	0	0.00015965
AT1G66080	M4BBA4	0	0.00015268
AT1G13030	M4BPV4	0	0.00021756
AT5G05810	AAX51198	0	0.00015508
AT4G10130	A0A090B8T5	0	0.00016556
AT1G72250	M4BQA8	0	0.0001535
AT3G48200	ATR13_NOKS1	0	0.00015261
AT1G02140	A0A090BBM0	0	0.00020978
AT4G16380	M4BXZ0	0	0.00015381
AT1G51940	G3C9P7	0	0.0056537
AT4G08950	G3C9P7	0	0.00015733
AT2G28700	HaRxLL492	0	0.00015522
AT5G51730	M4C2S2	0	0.00015314
AT5G29807	G3C9N3	0	0.00021614
AT3G04900	M4BS36	0	0.00016675
AT1G77520	G3C9N1	0	0.00018811
AT1G09640	A0A090BGL6	0	0.0001555
AT1G54140	ATR1_CALA2	0	0.00015984
AT5G20740	A0A090B8J4	0	0.00016456
AT5G58350	M4B7P9	0	0.010881
AT5G10090	A0A090C2U3	0	0.00015389
AT5G25580	G3C9S2	0	0.00015534
AT2G38365	A0A090B8Y9	0	0.00069177
AT4G19003	AAX51202	0	0.00015438
AT5G48240	A0A090BFE2	0	0.00015632
AT3G28750	HARXLL108	0	0.00015842
AT3G54500	M4BM40	0	0.00015193
AT5G35330	A0A090B8W5	0	0.00015307
AT2G06530	HARXLL455	0	0.0014004
AT3G49900	M4B7R5	0	0.00015234
AT1G49030	A0A090C2T1	0	0.00016585
AT4G35080	A0A090B8E1	0	0.0001563
AT2G07691	G3C9U3	0	0.00015318
AT5G06900	M4BGM5	0	0.00015279
AT5G19690	A0A090BB92	0	0.00015473
AT5G05740	M4BZC8	0	0.00015416
AT2G33400	HARXL47_A	0	0.00015552
AT5G24240	M4BVT8	0	0.00015738
AT5G57700	M4BF43	0	0.00015836
AT3G51560	ATR1_CALA2	0	0.015498
AT2G33320	M4BUU2	0	0.0001536
AT3G10410	A0A090B857	0	0.00015784
AT3G24610	A0A090C2P1	0	0.00015347
AT3G44080	A0A090BFR3	0	0.00016213
AT2G14365	HARXL73	0	0.00015102
AT5G16080	G3C9N1	0	0.0011805
AT3G16730	M4C1G8	0	0.00015167
AT5G56290	A0A090BF22	0	0.00015262
AT1G48760	M4BCJ5	0	0.00015661
AT3G56740	HARXL47_B	0	0.001067
AT1G74088	A0A343JGY0	0	0.69779
AT3G46220	A0A343JGY5	0	0.00015393
AT4G16745	A0A343JGX7	0	0.00042864
AT4G36220	A0A7G8FQJ6	0	0.00066235
AT3G52570	A0A7G8FQJ6	0	0.0001583
AT3G07400	AVA31271	0	0.00016647
AT3G53180	A0A7G8FQJ4	0	0.00015281
AT2G30950	A0A7G8FQJ4	0	0.00016943
AT5G56430	A0A7G8FQJ4	0	0.00015551
AT4G27120	A0A7G8FQJ4	0	0.00016573
AT3G45060	A0A7G8FQJ4	0	0.0003981
AT2G44100	A0A7G8FQJ4	0	0.00015354
AT1G72720	A0A7G8FQJ4	0	0.00015976
AT1G02610	D0NMY0	0	0.00015472
AT5G62120	D0MZI0	0	0.00018084
AT2G43400	D0NRM3	0	0.00016355
AT1G73810	XP_011548876	0	0.00015919
AT4G12950	XP_011548876	0	0.0003086
AT4G23510	XP_011548876	0	0.00016956
AT5G60800	A0A8E1R6E7	0	0.00015567
AT5G50361	C5IJH2	0	0.00015221
AT1G20640	Q75PR4	0	0.00016284
AT5G35917	A0A8E1R6Q9	0	0.00015231
AT1G17380	A0A0Q0AZS8	0	0.00015157
AT4G33565	A0A3M6HR48	0	0.0001546
AT2G10020	A0A810ZUG4	0	0.00015808
AT5G06410	A0A8E1R6Q9	0	0.00015172
AT2G36920	A0A3M6HR37	0	0.00015173
AT5G45150	A0A8E1R6Q9	0	0.00015146
AT1G51690	Q75PR4	0	0.00016254
AT1G73080	A0A0Q0BP22	0	0.00032802
AT5G35930	A0A3M6FL99	0	0.00015166
AT2G40316	A0A3M6HR37	0	0.00015165
AT1G26290	A0A8E1R6Q9	0	0.00015313
ATMG00130	Q75PR4	0	0.00019648
AT3G06310	A0A3M5YXM2	0	0.00015422
AT5G67200	AAX51198	0	0.00023417
AT1G68526	A0A3M4NL90	0	0.0001529
AT4G24830	A0A3M5Z250	0	0.00016798
AT1G26090	AvrB2_Pgy_R0	0	0.00015525
AT2G34360	HopQ1_1_Pto_DC3000	0	0.00015171
AT1G64870	A0A0Q0BFQ8	0	0.00016269
AT2G47710	Q4ZV88	0	0.00016337
AT2G37035	HopO1_2_Pto_DC3000	0	0.0001677
AT1G60250	AAO54410	0	0.00015176
AT5G64830	Q9L6W7	0	0.00016781
AT4G18425	HopH1_Psy_B728A	0	0.00015784
AT5G25270	Q9F0I0	0	0.00015194
AT2G44650	A0A0Q0BRJ2	0	0.00017357
AT3G62360	AvrPto5_Pma_M4a	0	0.00015443
AT3G61260	A0A0Q0D4N1	0	0.00015187
AT3G22110	A0A0Q0BYM9	0	0.00017189
AT4G01860	A0A0Q0D8A1	0	0.00015278
AT5G22790	A0A3M5Z250	0	0.00016196
AT1G79810	A0A0Q0BFQ8	0	0.00015708
AT4G40090	A0A5E9N6D5	0	0.00015179
AT5G14510	Q9F0H0	0	0.00015801
AT5G22420	G3XCJ0	0	0.0001522
AT1G72440	A0A3M5Z5R9	0	0.00015473
AT5G19860	A0A5E9N6D5	0	0.00015202
AT1G31163	Q4ZX49	0	0.00015612
AT2G45820	A0A0Q0BRJ2	0	0.00015304
AT5G53710	Q887B7	0	0.00017835
AT1G31720	Q9L6W7	0	0.51142
AT4G01370	A0A5E9N6D5	0	0.00015704
AT4G08555	Q48B65	0	0.00028769
AT3G25680	A0A5E9N6D5	0	0.0001506
AT5G60120	A0A0Q0EUX9	0	0.00015552
AT5G64440	HopD1_Pph_1448A	0	0.00015149
AT5G51410	AAL84247	0	0.00015349
AT4G37130	Q8RP00	0	0.00015762
AT2G32220	A0A3M5Z250	0	0.00017395
AT1G68110	G3XCJ1	0	0.00016358
AT5G13390	RXT90275	0	0.00015943
AT5G46830	Q9JP35	0	0.00015419
AT4G32690	A0A099SVR7	0	0.00018571
AT4G00335	Q48NG8	0	0.00021694
AT5G20050	Q9F0H0	0	0.00017407
AT5G54930	A0A3M5Z5R9	0	0.00015245
AT5G15890	HopD1_Pph_1448A	0	0.00015095
AT3G19180	HopQ1_1_Pto_DC3000	0	0.0001527
AT1G22620	A0A0Q0HUJ4	0	0.00015263
AT1G66130	A0A3M5Z5R9	0	0.00017379
AT1G21975	A0A0Q0C3Y5	0	0.00015586
AT3G52310	Q887B5	0	0.13678
AT1G69420	HopAF1_Pph_1448A	0	0.00015506
AT3G49620	Q4ZX82	0	0.00015253
AT5G18340	A0A0Q0BRJ2	0	0.00015848
AT5G24660	Q9F0H1	0	0.00095373
AT5G06150	A0A3M5YIW5	0	0.00016074
AT5G38950	Q48B65	0	0.00015244
AT3G48150	A0A3M4P181	0	0.00015694
AT5G49260	AAX51198	0	0.00015503
AT2G18910	A0A3M5Z250	0	0.0002652
AT2G39490	Q8RP00	0	0.0001737
AT3G25905	HopAG1_Psy_B728A	0	0.0001533
AT5G29807	Q9JP35	0	0.00059994
AT1G43260	A0A0Q0EUX9	0	0.0001654
AT3G15940	Q4ZX68	0	0.00016733
AT5G40280	Q4ZX68	0	0.00015143
AT5G02000	Q9F0H0	0	0.00016011
AT4G31750	A0A0Q0D8A1	0	0.00016254
AT3G30200	A0A3M5YIW5	0	0.00015862
AT3G14120	Q87UE6	0	0.00015667
AT5G06043	HopAF1_Psy_B728A	0	0.00016605
AT2G35160	Q9JP35	0	0.00015465
AT5G40280	Q7PC62	0	0.00015155
AT2G18970	HopF3_Pmp_19322	0	0.35407
AT2G31880	Q4ZX82	0	0.00015269
AT1G60730	AAL84239	0	0.00015189
AT3G61390	A0A3M5Z250	0	0.00016143
AT5G63980	AvrB2_Pgy_R0	0	0.00032345
AT3G47020	AAO54928	0	0.0001521
AT5G58130	AAO58163	0	0.00015203
AT1G72390	RXT90275	0	0.00016807
AT5G26673	A0A0Q0B4I4	0	0.0001543
AT1G71010	A0A0Q0EUU8	0	0.0001513
AT3G17668	AAA25727	0	0.00016188
AT1G19290	A0A3M5YAY3	0	0.0001523
AT3G06650	HopF2_Pto_DC3000	0	0.00015288
AT3G15380	AAB51082	0	0.00015142
AT2G31460	AvrB2_Pgy_R0	0	0.0002911
AT5G63980	A0A0Q0EUX9	0	0.00017497
AT4G32970	A0A0Q0B4I4	0	0.00015096
AT4G14120	A0A3M5Z5R9	0	0.00015202
AT1G23890	AAO58163	0	0.00015349
AT2G44660	HopM1_Pph_1448A	0	0.00015162
AT3G29385	Q48NG8	0	0.00015264
AT1G09870	Q4ZX82	0	0.00015134
AT3G58750	Q87UE6	0	0.00016962
AT2G45135	AAO54928	0	0.00015304
AT5G35510	AAO54045	0	0.00019703
AT3G10390	A0A3M4NL90	0	0.00015079
AT5G19860	AAX51198	0	0.00016689
AT5G42400	A0A3M4NL90	0	0.0001513
AT4G35080	Q48BB3	0	0.00015197
AT5G20270	A0A3M4P181	0	0.00016051
AT3G11130	Q7PC62	0	0.51386
AT2G37800	Q887B7	0	0.00015414
AT5G55610	A0A3M5YQG5	0	0.00016109
AT4G18470	HopM1_Pph_1448A	0	0.00015265
AT4G14480	CAA48009	0	0.00018248
AT3G59300	A0A0Q0BFQ8	0	0.00016041
AT5G06620	Q9F0H0	0	0.0001548
AT3G10180	Q48BN2	0	0.00015461
AT3G24780	HopF2_Pto_DC3000	0	0.00015598
AT1G67080	Q4ZX68	0	0.00015958
AT2G07290	A0A3M5YXM2	0	0.00015168
AT3G21220	A0A5E9N6D5	0	0.00015545
AT2G33560	HopAR1_Pph_1302A_CatalyticDead	0	0.00017776
AT5G03430	A0A0Q0BRJ2	0	0.00015379
AT2G19180	AAO53317	0	0.00016045
AT5G52400	AAB51082	0	0.0001519
AT4G22740	AAO54928	0	0.00015335
AT4G12340	AAA25727	0	0.00016267
AT3G29796	HopAR1_Pph_1302A_CatalyticDead	0	0.00015907
AT2G44820	HopF3_Pmp_19322	0	0.00018905
AT5G16520	AvrRpt2_Pto_JL1065_CatalyticDead	0	0.00015301
AT2G45790	Q4ZX68	0	0.00015217
AT2G13370	Q48BN2	0	0.00015524
AT1G28530	AAO55088	0	0.00015647
AT5G23340	AAO58163	0	0.00015276
AT1G66390	HopAO1_N_TERM_Pto_DC3000	0	0.00016782
AT5G13360	CAA48009	0	0.00015264
AT3G13280	AvrPto1_Pla_107	0	0.00018545
AT5G52710	A0A0Q0C3Y5	0	0.00015373
AT1G71420	AAO55088	0	0.00015316
AT5G66340	A0A0Q0C3Y5	0	0.00015602
AT2G07825	RXT90275	0	0.00016807
AT3G03305	Q48BC6	0	0.0001514
AT1G08130	Q9F0H8	0	0.00015279
AT5G60660	HopG1_Pph_1448A	0	0.22598
AT3G11400	A0A3M4NL90	0	0.00015247
AT5G57130	A0A099SVR7	0	0.0001572
AT5G40860	AAO54045	0	0.00015545
AT5G46070	HopAF1_Pph_1448A	0	0.00015195
AT5G54180	A0A0Q0EUX9	0	0.00015532
AT5G52540	Q9F0H8	0	0.00028053
AT2G20050	HopF3_Pmp_19322	0	0.00015607
AT3G54320	A0A0Q0EUX9	0	0.00015596
AT5G58240	Q9L6W4	0	0.0001549
AT4G20740	Q9F0H1	0	0.000155
AT5G65760	Q4ZV88	0	0.00015533
AT5G18475	Q4ZX49	0	0.00015962
AT1G79890	A0A3M5YIW5	0	0.00015249
AT3G42550	A0A5E9N6D5	0	0.00015325
AT2G30960	Q87UE6	0	0.00016621
AT3G09960	HopF2_Pto_DC3000	0	0.00015476
AT1G01310	Q87UE6	0	0.00017292
AT3G02480	AAO54410	0	0.00015861
AT1G30795	HopAF1_Ppi_1704B	0	0.00016727
AT1G32070	A0A0Q0D4N1	0	0.00015709
AT5G11180	A0A0Q0HUJ4	0	0.00015436
AT1G55265	HopZ3_Paf_DSM5025	0	0.00015561
AT2G31880	A0A3M5YAY3	0	0.00015413
AT2G47830	A0A0Q0HUJ4	0	0.00015463
AT1G18510	Q48BN2	0	0.00015479
AT5G39690	A0A3M4P181	0	0.00016133
AT3G04490	AvrPto1_Pmo_M301020	0	0.00016284
AT2G42450	AAX51198	0	0.00015289
AT1G27000	A0A0Q0EUX9	0	0.0001588
AT2G27775	A0A099SVR7	0	0.0001906
AT5G63380	AAO54928	0	0.00015249
AT4G02370	Q9F0H8	0	0.00016893
AT3G15150	A0A2R3FEB5	0	0.00015402
AT4G17510	A0A0Q0D4N1	0	0.00017283
AT1G21323	HopP1_Pto_DC3000	0	0.00023478
AT1G15140	Q9JP35	0	0.00016329
AT5G18590	AAO54045	0	0.00015385
AT1G73600	A0A2R3FEB5	0	0.00015227
AT1G13180	AAL84247	0	0.00016636
AT2G02090	A0A0Q0BFQ8	0	0.00015457
AT1G28690	HopF3_Pmp_19322	0	0.00015876
AT1G07920	AAO54410	0	0.00015493
AT3G14890	AvrRpm1_Psy_B728A	0	0.00015545
AT5G23400	Q87UE6	0	0.00017911
AT5G64980	A0A0Q0C3Y5	0	0.00015189
AT2G41610	A0A0Q0BRJ2	0	0.00015381
AT5G58630	Q8RP00	0	0.00016188
AT5G38980	AvrPto1_Pla_A7386	0	0.00015478
AT2G32090	HopH1_Psy_B728A	0	0.00017109
AT5G66990	HopAF1_Pph_1448A	0	0.00017207
AT1G30135	A0A0Q0B4I4	0	0.00015212
AT4G17950	AvrPto1_Pmo_M301020	0	0.00028289
AT4G07868	A0A3M5YAY3	0	0.00015443
AT5G65770	A0A0Q0B4I4	0	0.00015081
AT5G46550	A0A0Q0B4I4	0	0.00015201
AT3G47620	G3XCJ0	0	0.2011
AT2G46990	HopAF1_Psy_B728A	0	0.00016227
AT4G26040	AAX51198	0	0.0001564
AT1G02740	A0A3M5YXM2	0	0.00015209
AT5G60400	AAO54928	0	0.00016049
AT3G01820	Q9F0I0	0	0.00015397
AT4G22880	A0A2R3FEB5	0	0.00015445
AT5G27740	A0A3M5Z250	0	0.00016251
AT1G09050	CAA48009	0	0.00015255
AT5G40430	A0A0Q0BRJ2	0	0.00016772
AT5G16567	AvrB4_1_Pph_1448A	0	0.00016598
AT2G02750	AAL84247	0	0.00015314
AT3G33494	A0A2R3F5M3	0	0.00015621
AT3G52630	Q887B7	0	0.00017082
AT5G60805	Q4ZV88	0	0.00016093
AT4G21270	A0A3M4P181	0	0.00015336
AT1G04170	A0A3M5Z5R9	0	0.00015634
AT1G49840	A0A3M5YQG5	0	0.00015703
AT1G57680	HopX1_Pto_DC3000	0	0.00015202
AT4G01370	G3XCJ1	0	0.00016545
AT5G11850	Q48NG8	0	0.00016767
AT1G54500	ADQ74895	0	0.00015786
AT1G72500	A0A3M5Z5R9	0	0.00015179
AT3G60280	HopAO1_N_TERM_Pto_DC3000	0	0.00015721
AT1G30470	A0A2R3FIM1	0	0.00015228
AT5G48960	HopZ3_Paf_DSM5025	0	0.00015181
AT1G48350	A0A2R3F5M3	0	0.00015675
AT4G32780	Q4ZX82	0	0.00015156
AT5G50990	Q48BN2	0	0.00015711
AT3G60680	AAO53317	0	0.00015337
AT5G46310	AvrPto1_Psy_B728A	0	0.00016391
AT3G11380	AAB51082	0	0.000157
AT3G55320	HopG1_Pph_1448A	0	0.00015295
AT3G06980	Q9F0H1	0	0.00015557
AT2G23740	A0A3M5Z5R9	0	0.0001523
AT3G04610	A0A3M5Z250	0	0.0001557
AT3G12630	Q4ZX49	0	0.00019474
AT2G25830	Q48BB3	0	0.00015611
AT4G30190	A0A099SVR7	0	0.00015518
AT5G10810	AAL84247	0	0.00015901
AT3G50590	HopM1_Pph_1448A	0	0.00015189
AT1G21870	Q9F0H1	0	0.00017553
AT3G63095	Q9L6W7	0	0.00069307
AT5G23230	AAO53317	0	0.00016661
AT3G44660	Q4ZX49	0	0.0001644
AT1G52190	A0A099SVR7	0	0.00015543
AT2G23200	Q4ZX68	0	0.00058087
AT1G72720	A0A2R3F5M3	0	0.00015532
AT5G30341	A0A3M5Z5R9	0	0.00015453
AT4G15110	AvrB4_1_Pph_1448A	0	0.00015223
AT5G61150	A0A0Q0B4I4	0	0.00015096
AT1G64650	A0A0Q0B4I4	0	0.00017369
AT5G60550	Q48BB3	0	0.00015327
AT3G55320	AAO58163	0	0.00015268
AT1G64550	Q4ZX82	0	0.00015239
AT5G46310	A0A0Q0D8A1	0	0.00015323
AT3G25905	G3XCJ0	0	0.0001588
AT1G76910	A0A0Q0HUJ4	0	0.00015898
AT1G21960	AvrPto1_Pto_DC3000	0	0.0003371
AT3G52310	HopAR1_Pph_1302A	0	0.00025595
AT4G19185	AvrPto1_Pla_107	0	0.00017956
AT2G31880	Q9JP35	0	0.00016088
AT2G22370	A0A3M5YQG5	0	0.00015662
AT3G08010	HopP1_Pto_DC3000	0	0.00027641
AT4G01535	A0A0Q0B4I4	0	0.00015265
AT4G03400	Q48NG8	0	0.00015184
AT3G02600	A0A0Q0B4I4	0	0.00017531
AT2G01460	HopAF1_Pph_1448A	0	0.00015243
AT1G29960	Q9F0H8	0	0.00021817
AT1G32070	AAO58163	0	0.00015376
AT1G53460	A0A3M4P181	0	0.00016333
AT3G47980	A0A3M5YAY3	0	0.00015503
AT5G16810	AAL84239	0	0.00015299
AT2G32885	HopH1_Psy_B728A	0	0.00020322
AT1G52900	Q87UE6	0	0.00019472
AT4G20130	A0A3M5YAY3	0	0.00015249
AT3G48460	HopAF1_Pph_1448A	0	0.00015676
AT2G46180	AAO54928	0	0.00015074
AT1G65490	AvrB2_Pgy_R0	0	0.00015997
AT3G11960	HopAG1_Psy_B728A	0	0.00015142
AT5G43822	Q48J78	0	0.00015298
AT5G38200	A0A0Q0C3Y5	0	0.00015171
AT1G07700	AAO53317	0	0.00015707
AT5G14140	A0A0Q0BFQ8	0	0.00016866
AT5G44130	AvrPto1_Pla_107	0	0.00015542
AT5G49450	HopAR1_Pph_1302A_CatalyticDead	0	0.00016902
AT5G20640	Q48BC6	0	0.00015356
AT4G21210	HopX1_Pto_DC3000	0	0.0001521
AT4G11260	HopO1_2_Pto_DC3000	0	0.00015459
AT3G21220	A0A0Q0D8A1	0	0.00016118
AT2G03670	A0A0Q0BYM9	0	0.00015188
AT5G36960	HopH1_Psy_B728A	0	0.00016854
AT1G02965	AAO54897	0	0.00015232
AT3G44735	A0A0Q0D4N1	0	0.00016497
AT2G32885	HopZ3_Paf_DSM5025	0	0.00015879
AT3G50960	A0A0Q0D8A1	0	0.00015597
AT4G30190	Q4ZV88	0	0.0001535
AT3G26744	A0A3M5YAY3	0	0.0001544
AT1G80710	HopQ1_1_Pto_DC3000	0	0.00015254
AT3G47130	Q887B5	0	0.00015468
AT3G61260	AAO58163	0	0.00015127
AT4G27590	Q4ZX68	0	0.00015179
AT5G03520	Q9F0I0	0	0.0086613
AT3G55800	A0A0Q0C3Y5	0	0.00048689
AT2G45380	AvrB4_1_Pph_1448A	0	0.00016657
AT1G69920	CAA48009	0	0.00016272
AT5G52540	A0A0Q0B4I4	0	0.00015613
AT2G24370	HopG1_Pph_1448A	0	0.89272
AT3G25070	G3XCJ1	0	0.00016837
AT3G06460	AvrB4_1_Pph_1448A	0	0.00015382
AT3G01810	AvrRpm1_Psy_B728A	0	0.00015403
AT3G43300	Q88A89	0	0.00015664
AT1G63960	A0A0Q0D8A1	0	0.00017137
AT1G51070	Q9L6W4	0	0.00015679
AT1G06950	Q4ZX68	0	0.0001515
AT1G32270	Q48J78	0	0.00015176
AT1G65720	A0A3M5YAY3	0	0.00015373
AT3G24850	A0A0Q0EVT3	0	0.00015621
AT1G27420	AvrB2_Pgy_R0	0	0.00020058
AT3G22290	HopD1_Pph_1448A	0	0.00015177
AT1G64300	Q9L6W4	0	0.00015135
AT4G18440	A0A3M5YIW5	0	0.00017286
AT5G65290	RXT90275	0	0.00016939
AT5G01780	HopF2_Pto_DC3000	0	0.00015977
AT3G43940	HopM1_Pph_1448A	0	0.00015245
AT1G51172	A0A0Q0EVT3	0	0.00015364
AT5G67410	CAA48009	0	0.00017141
AT1G06130	Q48B65	0	0.0001549
AT5G62670	A0A3M5Z250	0	0.00015743
AT5G59990	A0A2R3FIM1	0	0.00019253
AT5G54190	AAO58163	0	0.00015323
AT2G30550	A0A0Q0BRJ2	0	0.00015589
AT2G45820	Q8RP00	0	0.00015444
AT1G49340	HopAG1_Psy_B728A	0	0.00015225
AT3G60810	RXT90275	0	0.0002166
AT3G14395	A0A2R3F5M3	0	0.000221
AT5G49430	AvrPto1_Pmo_M301020	0	0.00017494
AT1G03280	AAO54045	0	0.00015596
AT1G17380	A0A0Q0F0W3	0	0.00015316
AT4G30210	Q8RP00	0	0.00015652
AT5G46410	Q9F0H1	0	0.00015969
AT2G43320	HopAF1_Pph_1448A	0	0.00015724
AT4G18422	Q88A89	0	0.00019763
AT5G21110	HopD1_Pph_1448A	0	0.00015361
AT5G61980	Q9JP35	0	0.00015405
AT5G65840	HopZ3_Paf_DSM5025	0	0.00015846
AT4G02780	HopQ1_1_Pto_DC3000	0	0.00015879
AT5G49100	A0A0Q0D8A1	0	0.00016479
AT4G00090	AAA25727	0	0.00015482
AT3G19850	A0A2R3F5M3	0	0.00015203
AT3G42660	HopX1_Pto_DC3000	0	0.00015212
AT3G51130	A0A5E9N6D5	0	0.00015115
AT3G57650	AAO54928	0	0.00015196
AT5G18660	AAL84239	0	0.00015158
AT3G52105	AvrRpt2_Pto_JL1065_CatalyticDead	0	0.00017236
AT4G18810	Q9JP35	0	0.00015731
AT3G54363	Q9F0I0	0	0.0001594
AT5G61980	A0A3M5Z250	0	0.00015457
AT1G63750	HopH1_Psy_B728A	0	0.0033439
AT3G50320	AvrRpm1_Psy_B728A	0	0.0001706
AT5G17870	A0A0Q0BYM9	0	0.00015955
AT1G18560	AAA25727	0	0.00015636
AT4G32140	A0A3M4NL90	0	0.00015195
AT1G14390	RXT90275	0	0.00022146
AT3G55980	Q88A89	0	0.0001582
AT3G19440	Q9L6W4	0	0.00015334
ATMG00080	AAO54928	0	0.00015364
AT4G13010	HopZ3_Paf_DSM5025	0	0.00015161
AT2G07779	Q48BB3	0	0.00015243
AT5G17690	CAA48009	0	0.00015461
AT4G01310	HopG1_Pph_1448A	0	0.00016083
AT2G07734	A0A0Q0BRJ2	0	0.00015314
AT5G06043	CAA48009	0	0.00016689
AT5G14660	HopM1_Pph_1448A	0	0.00016565
AT5G43260	RXT90275	0	0.00018674
AT2G01818	HopH1_Psy_B728A	0	0.00015868
AT1G17220	AvrB2_Pgy_R0	0	0.00015706
AT1G22600	Q4ZX49	0	0.00015464
AT1G76810	Q9L6W4	0	0.00015115
AT4G00905	A0A0Q0BYM9	0	0.000153
AT5G17590	A0A2R3F5M3	0	0.00015375
AT1G54500	AvrPto5_Pma_M4a	0	0.00016285
AT1G09620	AvrPto1_Psy_B728A	0	0.00019003
AT3G05320	Q9L6W7	0	0.00015986
AT5G53960	Q9L6W4	0	0.00015731
AT2G23990	A0A0Q0BYM9	0	0.00015361
AT1G65520	Q48BN2	0	0.00016037
AT5G09650	AAO53317	0	0.00016079
AT4G32915	Q9L6W7	0	0.0001824
AT5G03995	G3XCJ0	0	0.00015968
AT1G29600	Q8RP00	0	0.00016122
AT4G17810	AvrB2_Pgy_R0	0	0.00019573
AT4G37920	AAO54410	0	0.00015266
AT1G51920	Q887B7	0	0.00019298
AT4G14300	AAO54045	0	0.0001587
AT2G04800	Q8RP00	0	0.029035
AT2G47960	AvrPto1_Pla_A7386	0	0.00040655
AT2G41790	Q9JP35	0	0.00015593
AT2G33820	HopX1_Pto_DC3000	0	0.00015646
AT3G03360	A0A3M5YIW5	0	0.00015601
AT5G35690	AvrB4_1_Pph_1448A	0	0.00015311
AT5G24660	Q87UE6	0	0.00019083
AT1G50020	A0A0Q0BRJ2	0	0.00015961
AT5G06780	Q9L6W7	0	0.0001585
AT2G47710	AAO55088	0	0.00016261
AT4G20290	Q9L6W7	0	0.00020191
AT2G20050	A0A2R3FIM1	0	0.00015466
AT1G04020	A0A2R3F5M3	0	0.00015167
AT2G41290	A0A3M5Z5R9	0	0.00015749
AT1G60660	A0A3M5Z5R9	0	0.00017289
AT1G78080	Q48B65	0	0.0001645
AT4G04950	HopO1_2_Pto_DC3000	0	0.00015299
AT5G40480	HopF2_Pto_DC3000	0	0.00015361
AT5G02650	AvrB4_1_Pph_1448A	0	0.00015555
AT5G37600	A0A3M4P181	0	0.00016339
AT4G32924	HopQ1_1_Pto_DC3000	0	0.00015565
AT1G36510	HopAR1_Pph_1302A	0	0.00015867
AT3G16520	A0A3M5YXM2	0	0.00015163
AT1G05730	HopG1_Pph_1448A	0	0.00015383
AT2G42730	Q4ZV88	0	0.00015539
AT1G50400	Q4ZV88	0	0.0001549
AT5G64340	A0A0Q0BFQ8	0	0.00015985
AT5G64820	AvrRpt2_Pto_JL1065_CatalyticDead	0	0.00016459
AT4G39790	HopM1_Pph_1448A	0	0.00015121
AT3G60940	ADQ74895	0	0.00018458
AT2G33320	AvrB2_Pgy_R0	0	0.00016785
AT3G01180	Q9L6W4	0	0.00015232
AT5G24810	AAA25727	0	0.00015267
AT1G24350	Q4ZX68	0	0.00015234
AT3G14930	A0A0Q0BFQ8	0	0.00015759
AT3G54730	HopAO1_N_TERM_Pto_DC3000	0	0.00015309
AT3G13740	A0A0Q0D4N1	0	0.00016002
AT5G19990	G3XCJ1	0	0.00016614
AT3G45280	HopF3_Pmp_19322	0	0.00016779
AT5G47560	Q48BN2	0	0.00015796
AT1G26870	Q4ZX82	0	0.00015217
AT1G28690	A0A2R3FIM1	0	0.00015344
AT3G55480	A0A2R3FIM1	0	0.00015267
AT3G06020	A0A2R3FIM1	0	0.00015878
AT1G23030	Q48BC6	0	0.00025042
AT4G03740	Q887B7	0	0.00015488
AT1G44760	RXT90275	0	0.00024433
AT4G24800	A0A3M4NL90	0	0.00015139
AT1G59640	A0A0Q0BYM9	0	0.00016391
AT2G42450	AvrPto5_Pma_M4a	0	0.00016274
AT1G50190	A0A0Q0B4I4	0	0.00015119
AT2G18970	A0A3M5YAY3	0	0.00015922
AT1G48550	A0A2R3FEB5	0	0.00015438
AT1G69500	A0A0Q0D8A1	0	0.00015316
AT5G24660	A0A0Q0D4N1	0	0.0002415
AT3G47110	HopAF1_Ppi_1704B	0	0.00098608
AT5G25750	A0A0Q0BYM9	0	0.00016365
AT5G36290	Q48BC6	0	0.00015254
AT5G43310	AAO54928	0	0.00015098
AT1G68310	A0A2R3FIM1	0	0.00017251
AT1G28375	Q9L6W4	0	0.00015845
AT1G77680	Q8RP00	0	0.00015548
AT1G75890	AAL84247	0	0.00015826
AT3G62670	HopBB1_Pmo_M301020	0	0.00016685
AT3G62650	AAO54928	0	0.00015331
AT3G44370	Q7PC62	0	0.00015359
AT2G23200	A0A0Q0BFQ8	0	0.00051837
AT5G64890	AAO54897	0	0.00015234
ATCG00140	HopQ1_1_Pto_DC3000	0	0.0001596
AT3G08580	A0A3M5Z5R9	0	0.00016444
AT4G32650	AAO54897	0	0.00015274
AT2G04845	Q9F0H1	0	0.00034391
AT3G29170	RSp0213	0	0.00019782
AT5G04730	A0A454TJY5	0	0.00015469
AT5G13390	RSc1357	0	0.00015125
AT2G24420	RSp0846	0	0.00015092
AT1G55300	RSp0847	0	0.00015194
AT3G26370	A0A454TVA2	0	0.00015133
AT5G64880	RSc0826	0	0.00015412
AT5G22420	RSc1349	0	0.00015123
AT1G68790	RSc3272	0	0.00015256
AT3G23220	A0A454THX3	0	0.00020582
AT5G02250	RSp0847	0	0.00015166
AT1G66740	RSp0914	0	0.00071914
AT5G64710	A0A454TLV0	0	0.00015319
AT3G58140	RSc2359	0	0.00016038
AT4G28770	RSp0846	0	0.00015176
AT1G16270	RSp0099	0	0.00015187
AT3G16980	RSc1349	0	0.00017708
AT2G04032	RSc1801	0	0.00015246
AT4G21270	RSc1801	0	0.00015264
AT3G23930	A0A454TLV0	0	0.00015133
AT3G52630	A0A454TG29	0	0.0022877
AT5G22630	A0A454TG29	0	0.00024339
AT1G33980	RSp0099	0	0.00015131
AT5G14850	RSc1357	0	0.00015142
AT3G07780	A0A454TNJ1	0	0.00015701
AT2G28940	RSc1386	0	0.014292
AT1G60660	RSp0847	0	0.00015348
AT1G10455	RSp1388	0	0.00015354
AT1G51490	A0A223GWL3	0	0.00015548
AT1G16090	RSp0732	0	0.00015213
AT1G73130	A0A454TLV0	0	0.00015269
AT4G22740	RSp0732	0	0.00015218
AT5G58005	A0A223GUV0	0	0.00016834
AT1G65220	RSp1388	0	0.0005247
AT2G35795	RSp1388	0	0.00018027
AT1G51600	RSp0879	0	0.00016379
AT3G02950	A0A454TG29	0	0.00022745
AT3G43710	RSp0323	0	0.0001529
AT5G57310	RSc1800	0	0.00016552
AT3G09720	RSc2130	0	0.00015214
AT2G39130	RSp0846	0	0.00015122
AT2G03930	RSp0160	0	0.00015418
AT1G67775	RSc1386	0	0.0001518
AT3G04920	A0A223GWL3	0	0.00015906
AT2G40770	RSp0213	0	0.00015141
AT5G64930	A0A454TVA2	0	0.00015151
AT1G11780	RSc3272	0	0.00015745
AT3G09890	RSc2359	0	0.00015306
AT2G20635	RSp1042	0	0.00044735
AT1G27960	RSc1800	0	0.00015448
AT3G09810	RSp1042	0	0.00042532
AT1G52950	RSp0323	0	0.00015064
AT3G08950	RSp0323	0	0.00015625
AT5G65165	RSc1357	0	0.00015393
AT5G45230	RSc1349	0	0.0022563
AT1G08650	RSp0879	0	0.00015643
AT4G25660	A0A223GUV0	0	0.0001561
AT3G10980	RSp0099	0	0.00015299
AT1G76065	RSc2359	0	0.00015577
AT2G32835	A0A454TNJ1	0	0.00021006
AT3G25060	RSc0826	0	0.00015216
AT3G09150	A0A454TLJ2	0	0.00015223
AT3G14910	RSp0930	0	0.00015191
AT1G57670	RSp0847	0	0.0066989
AT1G18730	RSp0914	0	0.00015561
AT5G57870	RSp0847	0	0.00015158
AT1G73430	A0A454THX3	0	0.0001546
AT5G57720	RSp0846	0	0.00015317
AT2G37090	RSp0304	0	0.0001509
AT1G73770	RSc2130	0	0.00015371
AT2G20930	A0A454TU50	0	0.00015404
AT3G12380	RSp0160	0	0.00015078
AT5G02000	RSp1022	0	0.00015733
AT2G30630	RSc1357	0	0.00015108
AT5G03510	RSc1386	0	0.00015171
AT4G12710	RSp0879	0	0.00017
AT5G60710	RSp1388	0	0.00015491
AT1G70180	RSc2775	0	0.00017198
AT5G23550	A0A454TLJ2	0	0.00015493
AT2G12945	RSc1349	0	0.00015408
AT5G63830	RSc0868	0	0.00015205
AT1G14205	RSc2101	0	0.00044137
AT1G11050	RSc0321	0	0.54726
AT4G14480	RSc2101	0	0.00086918
AT3G17611	RSc2101	0	0.00015278
AT1G68820	A0A454TLJ2	0	0.00015239
AT5G09740	A0A223GUV0	0	0.00015677
AT5G42760	A0A223GWL3	0	0.00015744
AT3G46540	RSp0930	0	0.00015342
AT3G01060	A0A454TLV0	0	0.00015788
AT5G53850	RSc2359	0	0.00015098
AT1G80420	RSp1022	0	0.00015396
AT3G43833	RSc1349	0	0.00015183
AT2G37910	RSc1386	0	0.00015097
AT4G16800	RSc0321	0	0.00015247
AT5G01640	RSc1357	0	0.00016472
AT3G09922	RSp1022	0	0.00015143
AT1G52300	RSc1357	0	0.00015495
AT1G78280	A0A454TRS1	0	0.00015203
AT1G58265	RSp0304	0	0.00015094
AT5G13030	A0A454THX3	0	0.00015635
AT1G03660	A0A454TNJ1	0	0.00021755
AT4G26300	RSp0160	0	0.00015143
AT2G16190	A0A454TRS1	0	0.00015217
AT1G48175	RSp0213	0	0.00015667
AT3G08960	RSp1022	0	0.00015216
AT3G10020	RSp0304	0	0.00015362
AT4G30710	A0A223GWL3	0	0.00015322
AT5G07820	A0A454TVA2	0	0.00015037
AT5G60340	RSc3272	0	0.00024539
AT5G57960	RSp0846	0	0.00015258
AT1G09760	RSc1357	0	0.00015383
AT3G47720	RSc2101	0	0.00020375
AT5G23950	RSc1801	0	0.00016089
AT3G20250	RSc0868	0	0.00022331
AT3G03305	RSp0732	0	0.00015121
AT4G21550	RSc1349	0	0.00015135
AT3G28680	RSc1801	0	0.00015236
AT5G22630	A0A454TJY5	0	0.00023883
AT4G36230	A0A454TNJ1	0	0.00016948
AT3G05741	RSp0160	0	0.0001513
AT1G64235	A0A454THX3	0	0.00016057
AT1G32070	RSp0732	0	0.00015196
AT1G45165	RSp0213	0	0.00018784
AT3G54350	RSc2101	0	0.00019341
AT4G00350	RSp1042	0	0.063701
ATCG00190	A0A454TG29	0	0.00015665
AT4G18470	RSc1800	0	0.00015297
AT1G28690	RSc1357	0	0.00015148
AT5G59050	RSp0160	0	0.00015107
AT5G64905	A0A454TRS1	0	0.00015219
AT1G71950	RSp0215	0	0.00015212
AT3G04903	A0A454TNJ1	0	0.00017356
AT3G03272	RSp0099	0	0.00015179
AT2G22370	A0A454TU50	0	0.00015445
AT2G06667	RSp0846	0	0.0001527
AT5G14760	RSp0847	0	0.00015175
AT1G01770	RSc0826	0	0.00015125
AT5G40300	RSc0321	0	0.00015085
AT2G36480	A0A223GUV0	0	0.00015205
AT4G13530	RSp0215	0	0.00015133
AT2G27300	A0A454TRS1	0	0.00015397
AT3G48030	RSp0914	0	0.00015171
AT3G45230	RSp1022	0	0.00015322
AT3G57560	RSp0847	0	0.022296
AT5G26820	RSc2775	0	0.00015831
AT5G57770	RSc1386	0	0.00015349
AT1G43260	A0A454TVA2	0	0.000153
AT3G17700	RSp1022	0	0.00016319
AT3G52030	RSp1388	0	0.00015252
AT1G03660	A0A454TJY5	0	0.00015281
AT5G43290	RSp1042	0	0.00016334
AT5G28390	RSc3272	0	0.00016816
AT4G12830	RSp0215	0	0.00016749
AT5G19660	RSp0879	0	0.00015256
AT3G61740	A0A454TJY5	0	0.00015164
AT4G37130	RSp0215	0	0.00015133
AT1G51690	A0A223GUV0	0	0.00015484
AT5G55940	RSc3272	0	0.0001612
AT4G23890	A0A454TLV0	0	0.00015178
AT3G15210	RSc1357	0	0.0001679
AT1G62886	A0A454TJY5	0	0.00015322
AT2G33160	A0A454TJY5	0	0.000152
AT1G66235	RSp0846	0	0.00015146
ATCG00440	A0A454TNJ1	0	0.0002297
AT5G14800	RSc1800	0	0.00016182
AT2G34360	RSc1357	0	0.00015181
AT1G34400	A0A454TJY5	0	0.00015362
AT3G13710	RSp1042	0	0.00019289
AT5G03995	A0A454TLJ2	0	0.00015481
AT1G75140	A0A223GWL3	0	0.00015464
AT4G29780	A0A223GWL3	0	0.00015578
AT4G02425	A0A454THX3	0	0.00015961
AT2G43250	RSp0028	0	0.00015123
AT4G18425	RSc1349	0	0.00015143
AT5G20340	RSp0304	0	0.00015086
AT3G05790	A0A223GWL3	0	0.00015476
AT3G20650	RSc0868	0	0.00015245
AT2G35330	A0A454TLV0	0	0.00015091
AT5G19320	A0A454TLV0	0	0.00015125
AT2G37800	RSp0879	0	0.00015345
AT5G13420	RSc2101	0	0.0001595
AT1G03920	RSc2101	0	0.00015616
AT5G45740	RSp0323	0	0.00015722
AT5G06920	RSc0826	0	0.00015242
AT2G16050	RSp1042	0	0.00016121
AT5G03590	A0A454TNJ1	0	0.00018944
AT1G74690	RSc1386	0	0.00015105
AT2G07675	RSp1239	0	0.00015474
AT1G64860	RSp1042	0	0.0001724
AT4G36730	RSc1349	0	0.00015163
AT2G39580	RSp0215	0	0.00015067
AT4G24790	RSp0028	0	0.00016786
AT4G01720	RSc0826	0	0.00048548
AT3G47630	A0A454TLV0	0	0.00015148
AT5G22040	RSc3272	0	0.00015895
AT3G14120	A0A454TVA2	0	0.00015232
AT5G49560	RSp0215	0	0.00015134
AT5G41420	A0A223GWL3	0	0.00020162
AT3G29070	A0A454TVA2	0	0.00015157
AT1G31720	RSc3290	0	0.00015784
AT2G28920	RSc1801	0	0.00015555
AT2G07715	RSc0826	0	0.00015209
AT4G08790	RSc1800	0	0.00016616
AT2G44580	RSp0304	0	0.00015145
AT2G25160	RSc2775	0	0.00015278
AT5G66860	RSp0304	0	0.00015413
AT2G35800	RSp0323	0	0.00019952
AT1G72250	A0A223GUV0	0	0.00015286
AT1G73180	A0A454TLV0	0	0.00015255
AT1G17545	RSp0847	0	0.00015202
AT2G12940	A0A454TLJ2	0	0.00015274
AT2G42440	RSc0868	0	0.00016427
AT2G38720	RSp0099	0	0.0001506
AT5G02810	A0A454TNJ1	0	0.00015568
AT4G30410	RSc3290	0	0.00022443
AT1G35560	RSp0879	0	0.0033098
AT1G24159	RSp0732	0	0.00015175
AT3G16520	RSp0099	0	0.00015138
AT3G28850	RSp1042	0	0.00015622
AT5G04730	RSp1042	0	0.00017093
AT2G03410	RSc2130	0	0.00015728
AT1G49050	RSc1386	0	0.00015117
AT4G30790	RSc0868	0	0.00015077
AT1G76730	RSp0930	0	0.00015197
AT1G61900	A0A454TG29	0	0.0001613
AT5G40790	RSp0732	0	0.00015212
AT2G18380	A0A223GWL3	0	0.00035158
AT2G47360	A0A454TJY5	0	0.0001516
AT4G32140	RSc1357	0	0.00015207
AT3G10310	A0A223GUV0	0	0.00015327
AT2G44280	A0A454TVA2	0	0.0001514
AT1G64570	RSp0160	0	0.00015072
AT1G36730	RSp0914	0	0.00015252
AT3G62770	RSc2130	0	0.00015269
AT2G47530	RSc2101	0	0.00015203
AT2G36310	RSc2359	0	0.00015256
AT2G48060	RSc3272	0	0.00015222
AT5G54040	RSc0321	0	0.00015072
AT2G03870	A0A454TNJ1	0	0.00021042
AT4G34270	A0A454TJY5	0	0.00015175
AT5G62840	A0A454TRS1	0	0.00015254
AT4G37010	A0A454TU50	0	0.00015873
AT3G60420	RSp0304	0	0.00015215
AT5G36110	A0A454TU50	0	0.00015213
AT3G13227	RSc2775	0	0.00015902
AT3G59390	RSc2775	0	0.00015286
AT1G14160	A0A454TLJ2	0	0.00015294
AT3G56510	RSc3290	0	0.00015529
AT2G01060	RSp1239	0	0.00015201
AT3G46210	A0A454TNJ1	0	0.00016842
AT1G67775	RSp0879	0	0.00015422
AT5G46400	RSc3272	0	0.00015508
AT5G48550	RSp0879	0	0.00015312
AT5G63350	RSc1349	0	0.00015829
AT5G15070	A0A223GWL3	0	0.00015265
AT2G25295	RSc3272	0	0.00019938
AT1G07700	A0A223GWL3	0	0.00015979
AT1G10880	RSc0321	0	0.00015051
AT5G39760	RSc3272	0	0.00017376
AT1G53330	A0A454TU50	0	0.00015267
AT5G56070	RSp0304	0	0.00015363
AT4G29560	RSp0213	0	0.00016281
AT5G19855	RSc0826	0	0.00015408
AT4G28460	RSc2775	0	0.00015933
AT1G04640	RSp0028	0	0.00015457
AT3G11670	RSc0826	0	0.0001516
AT2G23840	A0A454TVA2	0	0.00015154
AT1G77700	RSc3272	0	0.0001576
AT2G43660	RSc2359	0	0.00015196
AT5G09850	RSp1042	0	0.00015498
AT5G05480	RSc1357	0	0.00015148
AT5G11370	RSp1239	0	0.00015128
AT2G32640	A0A454TNJ1	0	0.00015888
AT4G38960	RSp0160	0	0.00015127
AT5G64670	RSc1349	0	0.00015285
AT4G08868	RSp0213	0	0.00015672
AT1G80680	RSc0868	0	0.0001529
AT2G43490	RSc0826	0	0.00015188
AT2G02770	RSc1801	0	0.00015105
AT5G38950	RSp0879	0	0.00015164
AT5G18290	RSc1801	0	0.00088941
AT5G23000	RSc0868	0	0.0001549
AT3G52140	RSp1042	0	0.00015391
AT3G07780	A0A454TU50	0	0.00015152
AT2G20610	A0A454TG29	0	0.00016167
AT5G27750	RSc3290	0	0.00015635
AT3G25100	RSp0732	0	0.00015093
AT1G33350	RSp0323	0	0.00015111
AT1G67050	A0A223GWL3	0	0.00016199
AT1G57600	A0A454TU50	0	0.00015309
AT5G42790	RSc1386	0	0.00015646
AT2G46990	RSc2130	0	0.00016028
AT1G68110	RSc3290	0	0.00015511
AT5G66820	RSc1349	0	0.00015065
AT1G12050	A0A454TG29	0	0.00016443
AT3G29790	RSc0321	0	0.00015269
AT1G24265	RSp0028	0	0.00015153
AT2G31670	RSp0160	0	0.00015389
AT2G16360	RSp0304	0	0.0001528
AT3G23710	RSc1357	0	0.00015213
AT1G73230	RSc1349	0	0.00015415
AT5G27400	RSp0930	0	0.00015087
AT5G55565	A0A223GWL3	0	0.00019235
AT3G45020	RSc3272	0	0.00017146
AT4G17920	RSp0914	0	0.00015234
AT2G44880	RSp0213	0	0.00015081
AT1G43260	RSp0028	0	0.00015313
AT1G25500	A0A454TRS1	0	0.00015243
AT5G35330	A0A454TG29	0	0.00018365
AT5G06780	A0A454TNJ1	0	0.00016176
AT2G42440	RSp0028	0	0.00015656
AT2G37975	RSc2101	0	0.00015827
AT5G18730	RSp0847	0	0.00015124
AT5G62400	A0A454TU50	0	0.00015296
AT4G17950	A0A454TG29	0	0.00017141
AT1G02670	RSp0213	0	0.00015493
AT4G37510	A0A454TLV0	0	0.00015116
AT1G05490	RSp0099	0	0.00015124
AT1G04020	RSc0826	0	0.00015155
AT5G64710	RSc0321	0	0.00015114
AT1G64860	RSc1801	0	0.0001527
AT5G04480	RSp0879	0	0.0001519
AT3G56740	RSc2359	0	0.02342
AT2G19730	RSc2130	0	0.00015214
AT4G03040	RSp0930	0	0.00015499
AT1G67856	RSc3290	0	0.00017632
AT1G79960	RSp0732	0	0.00015111
AT5G13190	RSp1239	0	0.00015307
AT5G02020	A0A454TNJ1	0	0.0001668
AT3G58790	RSc1800	0	0.00015426
AT3G20230	RSp0930	0	0.00015318
AT5G52310	RSp0215	0	0.00015088
AT2G20930	RSp0215	0	0.00015205
AT3G47630	RSc0868	0	0.00015516
AT1G64700	A0A454TJY5	0	0.00015147
AT1G29355	A0A223GUV0	0	0.00015416
AT2G14110	RSc1349	0	0.00015615
AT1G64570	A0A454TLJ2	0	0.0001524
AT1G47485	RSc0868	0	0.00015575
AT5G57720	A0A454TG29	0	0.00021165
AT2G20270	RSp1388	0	0.00015435
AT5G47890	A0A454TLV0	0	0.0001619
AT4G30750	A0A223GWL3	0	0.00016328
AT5G17600	RSp0847	0	0.0001521
AT2G46020	RSp0847	0	0.00015115
AT3G58140	RSp0879	0	0.00015741
AT5G28070	RSp0323	0	0.0001613
AT3G49230	RSp0215	0	0.00015262
AT4G11770	RSc3290	0	0.0001609
AT1G08190	RSp0732	0	0.00015205
AT1G02965	A0A454TU50	0	0.0001541
AT1G11440	RSc1800	0	0.00016119
AT3G30222	RSp0846	0	0.00015162
AT2G10535	A0A454TLJ2	0	0.00016202
AT5G19500	RSc1800	0	0.00015228
AT2G07708	RSc1801	0	0.00015212
AT4G32620	RSp0028	0	0.00015133
AT2G40570	A0A223GUV0	0	0.00015871
AT4G24200	A0A454TG29	0	0.00015445
AT2G47960	RSp0304	0	0.00017641
AT2G28700	A0A454THX3	0	0.00016053
AT2G19280	RSp0732	0	0.00015144
AT5G27920	RSp0732	0	0.00015116
AT1G60250	RSp1042	0	0.00016996
AT2G45200	RSp0304	0	0.00015349
AT4G12290	A0A223GUV0	0	0.00015406
AT4G08760	A0A454TVA2	0	0.00015076
AT4G25980	A0A454TVA2	0	0.00015295
AT5G50240	RSp0099	0	0.00015092
AT3G03350	RSp0099	0	0.00015147
AT5G38480	A0A454TRS1	0	0.00030948
AT5G62120	RSp0215	0	0.0001519
AT1G22520	RSp1239	0	0.00015214
AT2G41620	RSp0215	0	0.00057909
AT1G02140	RSp1022	0	0.00015767
AT1G29570	RSp0304	0	0.00015212
AT3G15810	RSc3272	0	0.00016294
AT4G33495	RSc0321	0	0.0001511
AT3G43710	A0A454TJY5	0	0.00015211
AT3G61800	RSc2130	0	0.000151
AT5G26100	RSp0879	0	0.00015286
AT1G08600	RSp0914	0	0.0001519
AT1G02740	RSp0028	0	0.00015715
AT1G65010	RSp0304	0	0.00015071
AT2G42260	A0A454TRS1	0	0.00015138
AT1G36950	A0A454THX3	0	0.00016445
AT1G72600	RSc0826	0	0.00015674
AT3G29170	RSc0321	0	0.00015294
AT1G61660	A0A454TLV0	0	0.00016829
AT5G23395	RSp0930	0	0.00015166
AT1G29355	RSc3290	0	0.00015552
AT5G51100	RSc2775	0	0.00015884
AT5G10480	RSp0028	0	0.00015232
AT5G09330	RSp0215	0	0.00015849
AT1G03300	RSp0914	0	0.00015101
AT2G19180	A0A454TVA2	0	0.0001544
AT4G27750	RSp0846	0	0.00015272
AT4G33410	RSc1357	0	0.00015143
AT5G46295	RSc3290	0	0.00019128
AT2G04039	RSc0321	0	0.00015264
AT1G22600	RSc1357	0	0.00015153
AT5G24040	RSc3272	0	0.0001555
AT1G01580	RSc2775	0	0.00015296
AT2G36310	RSc2130	0	0.00015393
AT5G06620	RSp0879	0	0.00015329
AT5G66090	RSp0323	0	0.00015737
AT5G09445	RSc2359	0	0.00015261
AT4G03460	RSp0846	0	0.00015123
AT1G29790	RSp0879	0	0.00015215
AT2G42560	RSp1388	0	0.00015488
AT5G49900	RSc0321	0	0.00015998
AT5G63920	RSc3290	0	0.00015281
AT5G48540	A0A223GWL3	0	0.00015551
AT1G70390	RSc2359	0	0.00015156
AT5G28780	RSc2775	0	0.00015525
AT5G58240	RSc2775	0	0.00015896
AT1G73490	RSc2101	0	0.000157
AT2G26470	RSc2775	0	0.00015392
AT1G52342	RSc1349	0	0.00015722
AT4G18400	RSc0321	0	0.00015253
AT5G18290	A0A223GWL3	0	0.00049398
AT1G30800	RSp0930	0	0.00015103
AT1G14560	A0A454TRS1	0	0.00015323
AT2G28580	RSc3272	0	0.00015402
AT3G10940	A0A454TU50	0	0.00015302
AT2G41700	RSc2101	0	0.00015227
AT5G51670	RSp0930	0	0.00015099
AT5G41410	A0A454TLV0	0	0.00015116
AT5G08305	RSp0846	0	0.00015115
AT5G19960	A0A454TU50	0	0.00016282
AT1G02610	A0A454THX3	0	0.00015663
AT2G26570	A0A223GUV0	0	0.00015149
AT5G51100	RSp0930	0	0.00015431
AT4G30620	RSp1042	0	0.00015586
AT2G01470	RSp0304	0	0.00015333
AT1G10095	RSp0028	0	0.00015636
AT5G27395	RSc1357	0	0.0001521
AT5G02810	RSp1239	0	0.00015144
AT1G02740	A0A454TLV0	0	0.0001521
AT5G35980	A0A454TRS1	0	0.00015373
AT5G02250	A0A223GWL3	0	0.00015406
AT2G17990	A0A454TLV0	0	0.0001506
AT2G17580	RSc0826	0	0.00015157
AT3G21680	RSc0321	0	0.00015288
AT1G51920	A0A454TLJ2	0	0.00015617
AT1G08190	RSc2775	0	0.00015438
AT3G62200	RSp0323	0	0.00015563
AT3G22840	RSc3272	0	0.00016163
AT5G19930	RSp0160	0	0.00015185
AT5G03450	RSc1386	0	0.00015173
AT5G46510	A0A223GWL3	0	0.00072114
AT4G17695	RSc1801	0	0.00015983
AT4G32760	RSc1349	0	0.00015219
AT1G52760	RSc2101	0	0.168
AT2G26440	RSp1388	0	0.00018974
AT4G03040	RSp0213	0	0.000191
AT1G03330	RSc2101	0	0.00015124
AT2G26530	RSp1022	0	0.00019314
AT5G56330	RSp1022	0	0.00015318
AT2G31700	RSc2130	0	0.00015448
AT4G21192	RSp0930	0	0.00015318
AT5G20310	RSp0028	0	0.00015354
AT4G01030	RSc0321	0	0.00015058
AT3G13450	RSp0099	0	0.00015449
ATCG00150	A0A454TRS1	0	0.00015421
AT4G16810	RSp0028	0	0.00015306
AT4G15475	RSp0304	0	0.00015139
AT5G46880	RSp0847	0	0.00015206
AT5G58410	A0A223GUV0	0	0.00015704
AT3G02340	RSc2775	0	0.00016146
AT1G55460	A0A454TU50	0	0.00015306
AT2G41550	RSc1801	0	0.00015117
AT2G03670	RSp0323	0	0.00015123
AT5G66820	RSp0323	0	0.0001509
AT3G18420	A0A454TG29	0	0.00017173
AT5G20680	A0A223GUV0	0	0.00015495
AT2G16050	RSc3290	0	0.00015838
AT2G03380	RSc3290	0	0.00015374
AT1G78800	A0A454TU50	0	0.00015229
AT1G16380	RSc2101	0	0.00015183
AT1G76660	RSc2101	0	0.0002014
AT3G54810	RSc1386	0	0.00015328
AT1G03290	RSc1801	0	0.00015191
AT3G01180	A0A454TJY5	0	0.0001722
AT2G40630	RSc3290	0	0.00015248
AT1G16630	RSp0304	0	0.00015102
AT2G35690	RSp1042	0	0.00018973
AT5G51730	RSc1357	0	0.00015179
AT3G46210	A0A454TG29	0	0.00019336
AT2G19150	A0A454TLJ2	0	0.0001523
AT3G53170	RSc1800	0	0.00015185
AT5G58350	A0A454TLJ2	0	0.00015325
AT4G27590	RSc3272	0	0.00015613
AT1G11190	A0A454TLJ2	0	0.00015203
AT4G18810	RSp1388	0	0.00015243
AT2G46890	RSp0930	0	0.00015153
AT5G60930	RSc1386	0	0.00015275
AT3G14910	A0A454TLJ2	0	0.00015235
AT5G06410	RSp0213	0	0.00018727
AT3G63040	RSp0213	0	0.00016209
AT3G54200	RSc3290	0	0.00015586
AT5G42480	A0A454TLV0	0	0.00016516
AT1G62886	RSp0879	0	0.00015735
AT3G07690	RSc3290	0	0.00015624
AT2G41410	RSc1800	0	0.00016273
AT1G78790	RSc0321	0	0.00015536
AT2G21150	A0A454TU50	0	0.00015253
AT2G27110	A0A454TJY5	0	0.00015124
AT4G39090	A0A223GWL3	0	0.00015652
AT4G28350	RSp1022	0	0.55965
AT2G27810	RSp0213	0	0.00015954
AT2G04865	RSp0323	0	0.0001512
AT5G27290	RSp0323	0	0.00015156
AT5G16210	RSp0160	0	0.00015178
AT1G13410	RSc1800	0	0.00015138
AT2G44580	RSp0846	0	0.00015084
AT2G18080	RSc1801	0	0.00015159
ATCG00440	A0A454TLV0	0	0.00015304
AT1G75340	RSp1042	0	0.00015586
AT5G08510	RSp0930	0	0.00015115
AT1G67790	RSc3290	0	0.00015431
AT1G46264	RSp0213	0	0.00017212
AT5G51680	RSc0321	0	0.00015063
ATMG00740	RSp0028	0	0.000153
AT2G17990	A0A454TRS1	0	0.00015186
AT5G41660	RSp1388	0	0.00015148
AT4G31430	A0A454TU50	0	0.00015173
AT3G22970	RSc2359	0	0.00015743
AT5G22920	A0A454THX3	0	0.00015644
AT4G25720	RSp1388	0	0.0001535
AT3G10845	A0A454TVA2	0	0.00015363
AT3G54460	RSc1801	0	0.00015133
AT3G48110	RSp0028	0	0.00015811
AT1G31620	A0A223GUV0	0	0.00016345
AT3G29075	RSp0028	0	0.00015459
AT4G33980	A0A454TNJ1	0	0.0001653
AT3G53520	RSc2359	0	0.00015126
AT4G12340	A0A454TVA2	0	0.00015321
AT4G33410	A0A454TJY5	0	0.00015349
AT5G67130	RSc1386	0	0.00015103
AT5G57770	RSp0213	0	0.00018073
AT1G07745	A0A454TLV0	0	0.00022941
AT4G11690	RSp0213	0	0.00015509
AT1G71760	RSc2130	0	0.00015164
AT5G62120	RSp0930	0	0.00015147
AT1G55670	RSc2775	0	0.00015882
AT1G01810	RSp0099	0	0.00015162
AT1G75890	A0A454TG29	0	0.0001743
AT3G49070	RSp0846	0	0.00015091
AT2G36920	RSc1357	0	0.00015267
AT3G54870	A0A454TRS1	0	0.00015849
AT1G31290	RSc2359	0	0.0001513
AT4G06688	RSp0930	0	0.00015075
AT2G32310	RSc0868	0	0.00015759
AT5G36790	RSc1386	0	0.00015172
AT4G15650	RSp0846	0	0.00015139
AT5G64980	RSc3272	0	0.00015723
AT1G22800	RSp1022	0	0.00018123
AT4G24200	RSp0914	0	0.00015119
AT3G09540	RSp1042	0	0.00015403
AT3G18480	RSp0099	0	0.00015045
AT2G47210	RSc3290	0	0.0001604
AT3G15820	RSc1349	0	0.00015179
AT3G11680	A0A454TRS1	0	0.00015301
AT2G07775	RSc0868	0	0.00015393
AT3G62200	RSc2775	0	0.00015459
AT2G42440	RSp0213	0	0.00054659
AT5G35900	RSp1388	0	0.00083632
AT3G57450	RSp0213	0	0.0001914
AT1G20225	RSc0868	0	0.0001513
AT1G57680	A0A223GWL3	0	0.0001556
AT5G24810	RSp1239	0	0.0001518
AT1G78790	RSp1022	0	0.00016227
AT4G22000	A0A454TJY5	0	0.00015279
AT1G66820	RSc1357	0	0.00016054
AT1G13920	RSp0879	0	0.00015243
AT2G31700	RSc0826	0	0.00015622
AT3G63200	A0A454TVA2	0	0.0003553
AT2G42120	RSc1386	0	0.00015062
AT5G44130	RSp1022	0	0.00015234
AT2G04530	RSp0323	0	0.00015295
AT3G62336	RSp0213	0	0.027104
ATCG01060	RSp0215	0	0.00015372
AT2G07340	RSc0826	0	0.00015791
AT5G35917	RSc1357	0	0.0001531
AT2G28130	RSp0847	0	0.0001513
AT3G26744	RSc3272	0	0.00015651
AT4G17080	RSc2101	0	0.00015448
AT1G67250	RSp1239	0	0.00015197
AT3G13070	RSp1042	0	0.00020649
AT1G02210	RSp1042	0	0.0001747
AT5G37930	RSc3290	0	0.00015776
AT1G25570	RSp0160	0	0.00015211
AT5G64830	RSp0160	0	0.00015089
AT5G51545	A0A454TVA2	0	0.00015268
AT1G03280	RSc3290	0	0.00015844
AT3G10690	RSp0847	0	0.00015733
AT4G21610	A0A454TLV0	0	0.000152
AT3G04920	RSp0213	0	0.00015419
AT3G47980	A0A454TJY5	0	0.00015287
AT4G17080	RSc2359	0	0.00015167
AT4G09110	RSp0846	0	0.0001517
AT5G28780	A0A454TNJ1	0	0.00016316
AT2G22830	RSp1388	0	0.00015317
AT5G16080	RSp0028	0	0.040944
AT5G03450	RSc0826	0	0.00015247
AT2G48060	RSc0868	0	0.00015099
AT1G73090	RSc2101	0	0.00069639
AT4G12070	A0A454TLV0	0	0.00015226
AT2G32120	RSc3272	0	0.00018085
AT4G08351	RSc1357	0	0.00015794
AT3G50860	A0A454TU50	0	0.00015494
AT2G47360	RSp1022	0	0.0001529
AT2G27340	RSc0826	0	0.00015217
AT4G16745	RSc3272	0	0.00015362
AT4G36440	RSc1801	0	0.00015142
AT1G19460	RSp0732	0	0.00015195
AT3G50790	A0A454TJY5	0	0.00016446
AT1G04030	RSp0914	0	0.00015211
AT1G74970	RSc1357	0	0.00015382
AT4G20130	RSp0160	0	0.00015295
AT1G50240	RSp0732	0	0.0001526
AT3G17150	RSp0323	0	0.00015209
AT1G48010	RSc1386	0	0.00015263
AT5G15330	RSp0213	0	0.00016231
AT1G30950	RSp0732	0	0.00015208
AT3G63540	RSp0215	0	0.00015277
AT2G30490	A0A454TU50	0	0.00015229
AT1G03290	RSc1800	0	0.00015238
AT5G37055	RSc1800	0	0.00015331
AT4G21820	RSp0215	0	0.00015168
AT3G19790	A0A454TNJ1	0	0.00016643
AT4G38240	RSp1388	0	0.00015139
AT5G20970	RSc2359	0	0.00015239
AT1G25580	RSp0213	0	0.00016123
AT2G43560	RSp0099	0	0.00015399
AT5G06600	RSc3290	0	0.00015327
AT3G21810	A0A454TRS1	0	0.00015259
AT3G07870	RSc1349	0	0.00015254
AT5G23903	A0A454TLV0	0	0.000152
AT5G44650	RSp0304	0	0.00015198
AT3G07210	A0A454THX3	0	0.00015458
AT5G24580	A0A454TVA2	0	0.00015156
AT5G62880	A0A454TJY5	0	0.00032023
AT1G03230	RSp0215	0	0.0001514
AT5G07810	RSc2101	0	0.00015115
AT2G18930	RSc2775	0	0.00016396
AT1G32450	RSp0930	0	0.00015151
AT2G21465	RSp0160	0	0.0001527
AT1G61750	RSp0914	0	0.00015123
AT1G68210	RSc1801	0	0.00015186
AT2G37090	RSp1239	0	0.00015112
AT5G18590	A0A454TNJ1	0	0.00016068
AT4G25110	A0A454THX3	0	0.00015542
AT2G16440	RSp0846	0	0.00015173
AT3G56180	RSp1022	0	0.00015556
AT4G31620	RSp0028	0	0.00015307
AT1G31250	A0A454TNJ1	0	0.00017873
AT1G31350	RSp0732	0	0.00015261
AT5G64340	RSc2775	0	0.00016586
AT3G22170	RSc1349	0	0.00015127
AT2G25160	RSp0213	0	0.00015233
AT5G61470	RSp0215	0	0.00015145
AT2G14690	A0A454THX3	0	0.00015529
AT1G15360	RSp1022	0	0.00015622
AT3G51520	A0A454TU50	0	0.00015298
AT2G15270	A0A223GWL3	0	0.00016039
AT5G02120	RSp0732	0	0.00015256
AT3G43833	RSp0879	0	0.00015354
AT2G26470	A0A454TJY5	0	0.00015147
AT5G60340	RSc1349	0	0.0001533
AT1G66070	RSp0304	0	0.00015158
AT2G07820	A0A454TLV0	0	0.00015387
AT1G11340	RSc1349	0	0.054397
AT5G16710	A0A454TLJ2	0	0.00015217
AT5G23540	A0A454TRS1	0	0.00017081
AT2G34120	RSp0732	0	0.00015401
AT5G48000	RSp0099	0	0.00015148
AT3G61260	RSp0304	0	0.00015095
AT4G20130	RSp1239	0	0.00015278
AT5G56240	RSp0847	0	0.0001506
AT2G09838	RSc1386	0	0.00015359
AT1G47760	RSc1800	0	0.00015492
AT3G52310	A0A454TNJ1	0	0.0002058
AT1G20140	A0A223GWL3	0	0.062677
AT5G13360	RSc2359	0	0.00015076
AT3G19970	RSc2359	0	0.00015953
AT3G23690	RSp0028	0	0.00016857
AT1G11860	RSc0868	0	0.00015283
AT4G31630	A0A454TRS1	0	0.00015227
AT1G05900	RSc2359	0	0.00015481
AT4G36510	RSp1042	0	0.00016764
AT4G25130	RSp0160	0	0.00015308
AT1G64520	RSc2775	0	0.00015822
AT5G46410	RSp1042	0	0.00016848
AT1G51940	RSc1801	0	0.0021984
AT5G53330	A0A454TJY5	0	0.0001977
AT1G13790	RSc2130	0	0.00015108
AT4G24020	RSp0304	0	0.00015238
AT5G19840	RSp0914	0	0.00015214
AT5G38310	RSc2775	0	0.00015651
AT1G77230	RSp0028	0	0.00015579
AT5G61400	RSc2101	0	0.0001534
AT4G17453	RSp0846	0	0.00015188
AT5G11990	A0A454TLV0	0	0.00015257
AT1G66680	RSc2775	0	0.00015404
AT1G07700	RSp0914	0	0.00015255
AT1G06590	A0A454TG29	0	0.0001604
AT4G03250	RSp0846	0	0.00015423
AT4G24200	A0A454TLJ2	0	0.00015205
AT1G33350	RSc1349	0	0.00015094
AT3G12780	A0A454TJY5	0	0.00019111
AT3G28730	RSc1801	0	0.00015177
AT1G51070	RSc1349	0	0.00015386
AT5G52660	RSc1801	0	0.00016351
AT2G30630	RSp0323	0	0.0001508
AT1G79000	RSp0732	0	0.00015122
AT5G58240	RSc1349	0	0.00015337
AT2G25910	RSp1042	0	0.00016411
AT5G13250	RSc2359	0	0.00016117
AT3G16310	A0A454TU50	0	0.00015413
AT3G50960	A0A454TU50	0	0.00015379
AT1G11684	RSp1239	0	0.00015324
AT5G48960	A0A454TRS1	0	0.00015145
AT3G49725	RSc2130	0	0.00015241
AT4G36440	A0A223GUV0	0	0.00015436
AT2G39160	A0A454TNJ1	0	0.0001816
AT1G32870	A0A454TVA2	0	0.0001522
AT3G57630	A0A223GWL3	0	0.00015364
AT1G52760	RSp1388	0	0.0048729
AT1G61680	RSc1357	0	0.00015272
AT4G32970	RSc1349	0	0.00015084
AT3G46220	A0A454TG29	0	0.000157
AT4G39610	A0A454TLJ2	0	0.00015303
AT3G22660	RSc1801	0	0.00015191
AT2G17060	RSc2130	0	0.0014277
AT2G39445	A0A454TU50	0	0.00015338
AT1G29041	RSp0304	0	0.00015155
AT5G18410	RSp0304	0	0.00016101
AT3G16700	RSp0304	0	0.00015337
AT4G14010	A0A454TJY5	0	0.00015206
AT3G44620	A0A454TNJ1	0	0.0001709
AT5G58440	RSc2130	0	0.00015043
AT4G04960	RSc1386	0	0.90486
AT5G11720	RSp0732	0	0.00015117
AT1G22420	RSp1388	0	0.00015988
AT2G26060	RSc2775	0	0.00015618
AT2G42690	RSc1349	0	0.00079443
AT4G11770	RSc1349	0	0.00015272
AT3G48110	A0A454TG29	0	0.00015668
AT5G23400	A0A223GUV0	0	0.00018808
AT5G11900	RSc0321	0	0.00015281
AT5G11810	RSp0304	0	0.00015151
AT1G05960	A0A454TVA2	0	0.00015125
AT5G58920	A0A454TVA2	0	0.00015329
AT3G18380	RSp0099	0	0.00015384
AT3G50440	RSc2359	0	0.00015093
AT1G37000	RSp0930	0	0.00015114
AT1G55365	RSp1022	0	0.00015493
AT4G34890	RSp0847	0	0.00015222
AT3G19970	RSc1801	0	0.00015609
AT2G28700	A0A454TG29	0	0.00018268
AT2G31700	RSp0846	0	0.00015209
AT5G05940	A0A454TJY5	0	0.00015095
AT1G54240	RSp0160	0	0.00015613
AT4G01040	RSp0160	0	0.00015111
AT4G36560	RSc2775	0	0.0001575
AT1G26470	A0A454TLV0	0	0.00015155
AT3G18770	A0A454TG29	0	0.0001627
AT2G12290	A0A454TJY5	0	0.00015148
AT5G19610	RSp0215	0	0.00015143
AT5G17600	A0A454TU50	0	0.00015411
AT1G72060	RSc2101	0	0.00015977
AT4G03150	RSc0826	0	0.00015797
AT4G01090	A0A223GWL3	0	0.00015343
AT5G26731	RSc3272	0	0.00069697
AT2G07687	RSc2130	0	0.00015311
AT4G00355	RSp0879	0	0.00015276
AT1G64628	A0A454THX3	0	0.00016979
AT4G37090	RSc1800	0	0.00015196
AT3G11400	A0A454TLJ2	0	0.00015356
AT5G65165	RSc0321	0	0.00015289
AT5G27220	RSp0213	0	0.00015257
AT5G58410	RSc1800	0	0.00015232
AT4G17070	RSp0930	0	0.00015167
AT3G57990	RSp0846	0	0.00015071
AT3G11870	A0A454TVA2	0	0.0001513
AT1G60250	A0A454TVA2	0	0.00015164
AT2G34570	RSc0321	0	0.00015069
AT4G18180	A0A454TLJ2	0	0.00015136
AT2G26550	A0A454TLV0	0	0.00015174
AT2G37430	RSp0930	0	0.0001509
AT3G62230	A0A454TNJ1	0	0.00017207
AT1G49938	RSp0847	0	0.00015407
AT3G52115	RSc1386	0	0.00015076
AT5G27380	RSp0215	0	0.00015123
AT3G13000	RSc1386	0	0.0001514
AT3G56990	RSp0914	0	0.00015172
AT1G78280	A0A454TNJ1	0	0.00016026
AT2G26460	RSc2775	0	0.000153
AT2G30290	RSc1800	0	0.00015148
AT2G40080	A0A454TNJ1	0	0.00021654
AT1G55620	RSp1022	0	0.00024182
AT5G62600	RSc0321	0	0.0001508
AT5G42655	RSp0323	0	0.00015333
AT4G33150	RSc2775	0	0.00015251
AT5G16650	RSp0213	0	0.00017118
AT2G12945	RSc1800	0	0.00015671
AT3G57970	RSp0099	0	0.0001512
AT4G32915	A0A223GUV0	0	0.0001624
AT1G10040	A0A454THX3	0	0.00015548
AT1G25112	RSp0160	0	0.00015134
AT2G37940	A0A223GWL3	0	0.00015794
AT1G53600	RSc1800	0	0.00015141
AT4G37080	RSp0304	0	0.00015084
AT5G08560	A0A223GWL3	0	0.00015631
AT2G43230	A0A454TVA2	0	0.64947
AT5G34581	RSp1388	0	0.00015445
AT3G47980	RSp1042	0	0.00016087
AT1G22550	A0A454TJY5	0	0.00015472
AT5G50361	RSc0868	0	0.00015686
AT5G26050	RSc1801	0	0.00015183
AT3G21175	A0A454TLV0	0	0.00015703
AT1G10095	RSc1801	0	0.00015622
AT5G48540	RSc3272	0	0.00015568
AT3G50590	RSp0028	0	0.00015183
AT1G65050	RSc2775	0	0.00018658
AT3G52640	A0A454TRS1	0	0.00015193
AT5G61280	A0A454TRS1	0	0.00015146
AT2G44880	A0A1L5PF20	0	0.00015469
AT5G15200	A0A7U4IVD0	0	0.00015748
AT3G57400	A0A1L5PF20	0	0.00016119
AT5G18590	A0A1L5PF20	0	0.00015869
AT1G56415	A0A1L5PF20	0	0.00017808
AT1G43700	A0A7U4IVD0	0	0.00015651
AT4G26040	A0A1L5PF20	0	0.00017507
AT4G08580	A0A7U4IVD0	0	0.00015317
AT5G20680	A0A835LA55	0	0.00015418
AT3G22190	A0A835LA55	0	0.00015439
AT4G32290	AFH57158	0	0.00018201
AT5G64840	A0A835L3Y9	0	0.00015786
AT3G20230	A0A835LA55	0	0.00015597
AT3G52710	A0A835L3Y9	0	0.00015778
AT2G33630	AFH57158	0	0.0001705
AT5G47230	A0A835L3Y9	0	0.00017294
AT4G30790	A0A835L3Y9	0	0.00015531
AT3G63430	AFH57158	0	0.00015624
AT3G18050	A0A835L3Y9	0	0.0001569
AT2G35800	AFH57158	0	0.00016441
AT2G43620	A0A835LA55	0	0.00017799
AT5G15330	A0A109HPD9	0	0.00015159
AT3G15120	H2BNP9	0	0.00015359
AT1G16022	A0A7Z7J6N2	0	0.00015364
AT3G04990	XC_2994	0	0.00015126
AT5G08305	A0A2H1TEN2	0	0.00015902
AT3G44326	XC_0542	0	0.00015369
AT4G05590	A0A8F9W2H4	0	0.00019639
AT3G19440	A0A8F9R246	0	0.00016442
AT3G60680	XC_2210	0	0.00016412
AT3G54640	A0A109HQ57	0	0.00015314
AT3G26370	A0A8F9R246	0	0.00016786
AT5G61470	A0A109HQ57	0	0.00015112
AT2G33150	A0A8F0YHY7	0	0.0002516
AT3G19790	A0A109HPD9	0	0.00015242
AT3G07290	A0A125PV38	0	0.00015217
AT5G40960	A0A2H1TCX8	0	0.00015614
AT4G13885	XC_1210	0	0.0001517
AT2G17350	A0A8F0Y0S5	0	0.00016094
AT4G36820	B0RX78	0	0.00015459
AT1G55265	A0A8F9R246	0	0.00019187
AT5G17310	XC_1213	0	0.0003793
AT5G64340	G0CHV1	0	0.00016314
AT3G23490	A0A8F0Y0S5	0	0.00016122
AT1G08750	A0A8F0Y0S5	0	0.00015104
AT4G13955	G0CEM1	0	0.0078274
AT1G70070	XC_3024	0	0.00015142
AT4G21450	A0A109HQ57	0	0.00015433
AT3G56010	XC_1210	0	0.00016428
AT5G60380	A0A8F0YHY7	0	0.0001518
AT1G80680	XC_1213	0	0.00026928
AT2G21440	A0A8F1C5Q5	0	0.00015447
AT3G15359	A0A7U7DGN5	0	0.00018994
AT3G01780	XC_1210	0	0.00015202
AT5G51740	ACS12845	0	0.00016079
AT4G18080	A0A2H1TEN2	0	0.00015253
AT1G13790	A0A120EY91	0	0.00015179
AT5G40460	A0A7X9UPH1	0	0.0001522
AT1G53710	A0A7Z2VB76	0	0.00015194
AT2G45620	H2BNP9	0	0.00015522
AT1G04630	A0A125PV70	0	0.00015695
AT3G21870	XC_0967	0	0.00016101
AT3G10260	G0CHV1	0	0.00019222
AT4G16430	H2BNP9	0	0.00015518
AT1G30380	A0A8F9W2H4	0	0.00018183
AT2G13272	B0RX78	0	0.00016852
AT4G25330	XC_3802	0	0.00027221
AT4G15735	XC_1213	0	0.00019025
AT3G14180	B0RNB7	0	0.0022894
AT5G65840	G0CHV1	0	0.0001816
AT4G19220	A0A125PV70	0	0.00015148
AT5G01020	A0A8F1C5Q5	0	0.00017183
AT5G18730	A0A8F9W2H4	0	0.00015539
AT2G45135	XC_1210	0	0.00015226
AT1G72500	A0A7X9UPH1	0	0.00015149
AT1G64810	XC_2210	0	0.00015037
AT1G07570	A0A109HPD9	0	0.11231
AT4G18180	G0CHV1	0	0.00016722
AT5G15340	G0CHV1	0	0.00017414
AT4G19850	ACS12845	0	0.00016135
AT4G34270	A0A7Z7IZS4	0	0.00015217
AT1G54570	A0A109HQ57	0	0.00015116
AT1G70590	A0A8F0Y1H7	0	0.00015533
AT5G60590	A0A1X7QFG6	0	0.00015439
AT2G20580	A0A8F0YHY7	0	0.00015178
AT5G28350	A0A8F0YHY7	0	0.00015143
AT2G47340	G0CIQ0	0	0.00015969
AT1G13810	ACS12845	0	0.00017427
AT1G27090	A0A125PV70	0	0.00015263
AT5G65100	A0A7X9UPH1	0	0.00015087
AT5G65280	XC_3915	0	0.00020196
AT2G28140	A0A8F0Y0S5	0	0.00015461
AT5G27410	G0CIQ0	0	0.00015246
AT1G09680	G0CEM1	0	0.00015623
AT3G51790	A0A125PV38	0	0.00015378
AT1G66070	XC_0542	0	0.00015233
AT2G38760	A0A109HQ57	0	0.00016815
AT2G38365	A0A2H1TEN2	0	0.0001542
AT3G17150	XC_0268	0	0.00015241
AT3G55320	A0A120EY91	0	0.00015233
AT3G53010	XC_3024	0	0.00015145
AT3G58460	A0A109HQ28	0	0.00016876
AT4G37080	A0A109HQ28	0	0.00015174
AT2G47360	XC_0542	0	0.00015213
AT1G65840	ACS12845	0	0.0001569
AT3G21280	XC_0268	0	0.00015145
AT5G57870	A0A125PV38	0	0.00015295
AT5G26820	G0CEM1	0	0.00015628
AT5G10410	XC_1210	0	0.00015161
AT1G51690	XC_0268	0	0.00015317
AT5G08340	A0A8F0YHY7	0	0.00015168
AT5G58330	XC_0542	0	0.00015349
AT1G67260	XC_0268	0	0.00015534
AT5G11340	XC_0542	0	0.00015295
AT2G28660	A0A109HQ28	0	0.00015229
AT2G29620	XC_3915	0	0.00015674
AT2G35970	ACS12845	0	0.00017391
AT4G15900	A0A2H1TEN2	0	0.00015855
AT4G29735	G0CHV1	0	0.00027239
AT1G34065	ACS12845	0	0.00015827
AT5G01680	A0A8F1C5Q5	0	0.00015508
AT5G42050	A0A0A3WBH2	0	0.00015968
AT4G35410	XC_3915	0	0.00021805
AT5G06043	A0A109HQ57	0	0.00015189
AT4G38790	XC_3024	0	0.00015518
AT1G12370	A0A125PV70	0	0.00015105
AT5G58600	A0A1X7QFG6	0	0.00015323
AT5G46560	XC_1213	0	0.00020737
AT5G24130	A0A7Z7J6N2	0	0.00015365
AT1G68310	ACS12845	0	0.00018871
AT5G38130	ACS12845	0	0.00015627
AT2G02030	A0A7X9UPH1	0	0.00015141
AT5G67570	XC_3915	0	0.00015785
AT5G27290	B0RNB7	0	0.00015461
AT3G57980	A0A109HQ28	0	0.00015257
AT1G03530	XC_0268	0	0.00015224
AT4G20130	A0A8F9R246	0	0.00016367
AT3G11964	A0A8F9R246	0	0.00016082
AT3G15359	B0RX78	0	0.00017338
AT1G68790	XC_4318	0	0.0001525
AT2G37090	XC_3024	0	0.00015204
AT4G02800	XC_2210	0	0.00016088
AT4G02750	A0A120EY91	0	0.00015162
AT1G13810	A0A8F9R246	0	0.00017776
ATCG00840	A0A1X7QFG6	0	0.00015217
AT4G10925	A0A109HQ57	0	0.00020087
AT1G03280	XC_3915	0	0.00016328
AT4G33660	A0A7Z7J6N2	0	0.00016592
AT1G48350	A0A8F9W2H4	0	0.00015956
AT4G14120	A0A125PV70	0	0.00015099
AT3G15520	A0A2H1TEN2	0	0.00015436
AT5G14220	A0A2H1TEN2	0	0.0001528
AT3G17380	A0A0A3WBH2	0	0.00015694
AT3G21400	A0A109HQ57	0	0.00016171
AT3G11260	A0A8F1C5Q5	0	0.00016284
AT4G38510	A0A125PV38	0	0.00015362
AT5G38190	A0A8F9R246	0	0.00016148
AT3G46670	A0A8F0YHY7	0	0.00015202
AT2G21470	A0A109HQ57	0	0.00015138
AT4G17080	A0A120EY91	0	0.00015256
AT5G08470	A0A7X9UPH1	0	0.00015134
AT1G11490	A0A7U7DGN5	0	0.00015693
AT3G01060	B0RNB7	0	0.00018491
AT2G32835	XC_3915	0	0.00054304
AT5G17070	XC_0542	0	0.00015211
AT2G43910	XC_1210	0	0.00015143
AT1G73370	B0RNB7	0	0.000155
AT2G42440	A0A7Z7J6N2	0	0.00015608
AT1G77540	B0RX78	0	0.00015837
AT3G49900	A0A7Z7IZS4	0	0.0001515
AT4G26780	XC_3915	0	0.00016342
AT4G24940	A0A7Z7IZS4	0	0.00015125
AT5G01020	G0CEM1	0	0.00066059
AT2G22820	A0A125PV70	0	0.000156
AT5G06620	XC_2994	0	0.00015151
AT5G43260	A0A109HQ57	0	0.00015513
AT3G49400	B0RX78	0	0.00015148
AT1G80310	XC_0967	0	0.0001587
AT2G32785	A0A1X7QFG6	0	0.00015412
AT3G05340	B0RNB7	0	0.00015314
AT5G06265	XC_0268	0	0.00015219
AT1G15530	A0A0A3WBH2	0	0.96665
AT5G65860	A0A125PV38	0	0.00015142
AT3G50670	XC_0268	0	0.00015887
AT3G15820	XC_0967	0	0.00015604
AT1G06770	XC_3024	0	0.00015209
AT4G11120	XC_3802	0	0.000167
AT2G40030	G0CIQ0	0	0.00015263
AT3G62550	A0A125PV70	0	0.00015232
AT1G42710	A0A2H1TEN2	0	0.00015434
AT1G80290	XC_3915	0	0.00016501
AT2G34123	XC_4318	0	0.00016429
AT1G06040	XC_2210	0	0.00016346
AT3G62410	A0A7X9UPH1	0	0.00015249
AT4G15030	A0A7U7DGN5	0	0.00015937
AT1G57770	A0A7Z7IZS4	0	0.00015124
AT4G21330	A0A7Z2VB76	0	0.00015466
AT1G56290	XC_3915	0	0.00015568
AT3G62780	A0A7Z7IZS4	0	0.00015445
AT1G66680	ACS12845	0	0.00016653
AT2G21400	ACS12845	0	0.00017332
AT3G10260	A0A1X7QFG6	0	0.00015632
AT2G17265	XC_4318	0	0.00015589
AT5G17800	XC_2994	0	0.00016767
AT1G32450	A0A8F0Y0S5	0	0.0001525
AT5G50130	A0A8F9R246	0	0.00017937
AT5G09340	A0A109HPD9	0	0.00015506
AT4G21910	A0A109HQ57	0	0.00015165
AT3G17010	A0A6P0EHW0	0	0.0001534
AT2G39640	P14727	0	0.0021625
AT3G58570	A0A6P0EHW0	0	0.00023435
AT2G45200	A0A6P0EHW0	0	0.00015327
AT3G25680	Q6TQF0	0	0.00015121
