AT4G38900	NP_396510	1	0.00017943
AT2G31370	NP_396510	1	0.00043574
AT1G43700	NP_396510	1	0.0045561
AT2G21230	NP_396510	1	0.00026432
AT3G15030	WP_011412651	1	0.00016229
AT3G16910	WP_011412651	1	0.00018009
AT5G23280	WP_011412651	1	0.00016223
AT1G20850	CAD16676	1	0.00016659
AT5G60360	CAD16676	1	0.00016542
AT1G65380	ACY70449	1	0.00016284
AT3G49670	ACY70449	1	0.00016342
AT4G02590	OEC78	1	0.0043764
AT1G31880	OEC78	1	0.00016769
AT1G23380	OEC84	1	0.00017657
AT2G45680	OEC49	1	0.00017543
AT3G47620	OEC23b	1	0.0031002
AT2G45680	OEC76	1	0.00018677
AT3G17860	OEC78	1	0.00016575
AT2G45680	OEC70	1	0.00018152
AT3G27010	OEC14	1	0.00019076
AT2G02540	OEC78	1	0.00025154
AT4G30080	OEC78	1	0.00019531
AT3G47620	OEC70	1	0.96466
AT5G42220	OEC70	1	0.00019601
AT5G48370	OEC78	1	0.35547
AT4G04020	OEC78	1	0.00040281
AT4G25200	OEC76	1	0.95403
AT4G25200	OEC78	1	0.95687
AT2G05230	OEC118	1	0.00016739
AT3G47620	OEC125	1	0.99165
AT5G65180	OEC78	1	0.00016799
AT1G25490	OEC70	1	0.00035441
AT3G51960	OEC112	1	0.00040631
AT5G48370	OEC84	1	0.097721
AT1G55170	OEC118	1	0.00017372
AT4G22240	OEC78	1	0.00032318
AT3G27010	OEC77	1	0.00016815
AT1G69690	OEC78	1	0.00022034
AT3G44750	AAP30775	1	0.00016813
AT1G70310	ACU12491	1	0.00016394
AT3G04730	AJR22224	1	0.0002055
AT4G25340	AAP30775	1	0.00016776
AT2G37840	AJR22224	1	0.00016314
AT3G44480	AAX51201	1	0.00028393
AT3G47620	HARXLL464	1	0.048306
AT3G27960	ATR13_WACO5	1	0.022872
AT4G25920	HARXL44	1	0.0026019
AT1G14340	HaRxL147	1	0.025255
AT2G23420	ATR13_EMOY2	1	0.60711
AT5G12230	HARXL44	1	0.9962
AT3G54170	HARXL73	1	0.00018027
AT5G27860	HARXL44	1	0.5823
AT5G02150	HARXL73	1	0.00081034
AT3G47620	HARXLL429	1	0.78544
AT3G47620	ATR1_NOKS1	1	0.96313
AT4G32570	HARXL16	1	0.00018191
AT1G76850	HARXL62	1	0.00018794
AT2G41350	ATR13_WACO5	1	0.0002505
AT3G27960	HARXL73	1	0.0010819
AT3G47620	HARXL47_A	1	0.99585
AT1G18400	HARXL16	1	0.00081279
AT2G38750	HARXL45_WACO9	1	0.00016448
AT3G10250	HARXLL464	1	0.00016265
AT3G47620	HARXLL441	1	0.99087
AT2G23420	HARXLL437	1	0.00016371
AT1G69690	HARXL16	1	0.26873
AT3G44480	AAX51202	1	0.00029889
AT1G17970	HARXL44	1	0.0011906
AT2G46420	HARXLL464	1	0.00016278
AT3G47620	HARXLCRN15	1	0.059844
AT5G52750	ATR13_MAKS9	1	0.0016429
AT3G54850	HARXL73	1	0.0012541
AT3G47620	HARXL45_WACO9	1	0.98995
AT3G47620	HARXLL73	1	0.98799
AT1G25490	HARXL16	1	0.0031369
AT5G02150	ATR13_WACO5	1	0.014568
AT5G19480	HARXL44	1	0.99583
AT3G47620	HARXL18	1	0.99613
AT3G44480	AAX51204	1	0.00028255
AT2G41350	HARXL73	1	0.00016526
AT4G39050	HARXL73	1	0.00068029
AT3G08530	HARXL73	1	0.00030908
AT2G34970	HARXLL429	1	0.00016843
AT3G54850	ATR13_WACO5	1	0.055405
AT5G60300	AAA21422	1	0.00025923
AT4G02550	AvrB2_Pgy_R0	1	0.00016267
AT5G13860	ABK13722	1	0.0001664
AT2G28890	HopA1_Pto_DC3000	1	0.00018188
AT3G17820	ABK13722	1	0.00018342
AT3G27960	HopAB1_Psy_B728A	1	0.00072922
AT2G04740	HopF3_Pph_1448A	1	0.0001655
AT3G25070	AAO54046	1	0.00019924
AT3G09880	NP_791204	1	0.00016359
AT3G08580	AAO54046	1	0.0001639
AT3G55940	ABK13722	1	0.00016751
AT5G20900	AAR02168	1	0.00016393
AT3G11590	HopZ3_Paf_DSM5025	1	0.0001959
AT2G25000	AAB51082	1	0.0016509
AT1G66200	ABK13722	1	0.00018395
AT5G59670	HopAB1_Psy_B728A	1	0.039064
AT3G57750	AAR02168	1	0.00016901
AT4G11890	HopAB1_Psy_B728A	1	0.62125
AT1G24706	ABK13722	1	0.00016331
AT3G04790	ABK13722	1	0.00016359
AT3G23890	ABK13722	1	0.00016632
AT5G46330	AAL71883	1	0.00090531
AT5G20000	PWD01014	1	0.00016651
AT2G43790	AAO54440	1	0.00016406
AT5G20480	AAO58160	1	0.00030534
AT3G49580	AvrB2_Pgy_R0	1	0.0004468
AT4G35450	ABK13722	1	0.0001639
AT3G49580	AvrB2_Pph_1448A	1	0.0003869
AT4G30190	AAO54046	1	0.00026647
AT5G20700	ABK13722	1	0.00016588
AT4G33430	AAL71883	1	0.0048469
AT5G59650	HopAB1_Psy_B728A	1	0.039814
AT1G68440	ABK13722	1	0.00016494
AT3G57720	HopAB1_Psy_B728A	1	0.0028229
AT1G59870	AAO54046	1	0.00084996
AT4G39050	HopC1_Pto_DC3000	1	0.00096635
AT4G33430	AAO54046	1	0.00045272
AT1G08980	ABK13722	1	0.00016505
AT4G35750	ABK13722	1	0.00016714
AT4G39050	AAO58163	1	0.0061826
AT3G46370	AAL71883	1	0.00050355
AT4G39050	HopZ3_Paf_DSM5025	1	0.00022738
AT1G48280	ABK13722	1	0.00020547
AT3G49580	HopAT1_Pph_1448A	1	0.00044909
AT5G20030	PWD01014	1	0.00019098
AT5G51910	AvrB2_Pgy_R0	1	0.00018074
AT3G47620	PWD01014	1	0.99505
AT4G35100	AAO54046	1	0.00017591
AT5G51910	AvrB2_Pph_1448A	1	0.00017323
AT3G23390	ABK13722	1	0.00018408
AT1G47370	ADQ74895	1	0.0001637
AT3G45640	AAO54440	1	0.00016389
AT2G21380	HopC1_Pto_DC3000	1	0.0011357
AT2G26110	ABK13722	1	0.00016329
AT2G22840	ABK13722	1	0.00016349
AT1G01930	ABK13722	1	0.00016397
AT3G46370	HopAB1_Psy_B728A	1	0.051408
AT1G80600	AAL84239	1	0.00016388
AT4G27520	ABK13722	1	0.00017363
AT3G55410	ABK13722	1	0.00016392
AT5G45260	AAB51082	1	0.0019871
AT3G51960	AvrB2_Pgy_R0	1	0.00016824
AT1G72450	AAR02168	1	0.00016513
AT3G51960	AvrB2_Pph_1448A	1	0.00016638
AT5G24010	ABK13722	1	0.00021732
AT3G53420	AAO54046	1	0.00016913
AT1G74950	AAR02168	1	0.00016745
AT2G05160	ABK13722	1	0.00017002
AT2G14720	ABK13722	1	0.00016367
AT3G54390	RSp0160	1	0.00070776
AT1G69690	RSc3290	1	0.18759
AT1G78040	RSp1475	1	0.00071494
AT4G15930	RSp1601	1	0.00016518
AT5G51440	RSp0160	1	0.95223
AT5G53330	RSp1601	1	0.00017027
AT4G29790	RSp1475	1	0.0001625
AT5G59730	RSc1357	1	0.00016321
AT1G72210	RSp0160	1	0.00053978
AT3G08530	RSc1386	1	0.0021054
AT4G39050	RSp0672	1	0.0021175
AT3G05580	RSp1212	1	0.00016333
AT4G23050	RSp0160	1	0.037629
AT3G49580	RSp1601	1	0.00020732
AT5G08330	RSc3290	1	0.029374
AT3G27960	RSp1601	1	0.00018035
AT2G45680	RSp1475	1	0.00022402
AT1G73500	RSc1357	1	0.00016343
AT4G39050	RSp1601	1	0.00019063
AT5G63310	RSp0160	1	0.023374
AT1G75950	RSc1357	1	0.0091648
AT1G26480	RSp1601	1	0.00037318
AT3G60010	RSc1357	1	0.24117
AT1G05410	RSp1601	1	0.00016451
AT1G06060	RSp1475	1	0.00016303
AT3G49580	RSp1475	1	0.0014293
AT5G55620	RSc1357	1	0.00016265
AT1G72210	RSp1601	1	0.00022339
AT3G08530	RSp1601	1	0.00017063
AT3G02520	RSp1601	1	0.0006064
AT5G19390	RSp0160	1	0.0020938
AT3G21810	RSp0160	1	0.00082654
AT4G27060	RSp1601	1	0.00016408
AT2G25700	RSc1357	1	0.02019
AT5G51440	RSp1475	1	0.77547
AT5G48370	RSp0572	1	0.43585
AT3G27960	XC_3024	1	0.0018852
AT1G58100	XC_2081	1	0.0009014
AT5G37890	XC_3160	1	0.00017817
AT1G58100	XC_0563	1	0.46512
AT4G02550	AvrC_Xcc_ATCC_33913	1	0.00016264
AT3G49580	AvrC_Xcc_ATCC_33913	1	0.049497
AT3G49570	AvrC_Xcc_ATCC_33913	1	0.00019844
AT1G58100	XC_3160	1	0.66905
AT3G27960	XC_0563	1	0.004689
AT2G26100	A0A4D7X3W9	0	0.00016294
AT5G22170	A0A4D7X3W9	0	0.00018937
AT4G39360	NP_396510	0	0.00017206
AT5G18830	NP_396510	0	0.00017349
AT3G59000	A0A083ZQS1	0	0.00016301
AT4G03510	A0A4D7X3W9	0	0.00016294
AT4G12580	A0A4D7X3W9	0	0.00020911
AT3G50480	NP_396510	0	0.00016364
AT5G44570	A0A083ZQS1	0	0.00018039
AT2G28105	A0A4D7X3W9	0	0.00016363
AT5G46460	NP_396510	0	0.00016362
AT4G37200	A0A083ZQS1	0	0.00019942
AT1G09270	A0A083ZQS1	0	0.00018048
AT5G64970	A0A083ZQS1	0	0.00016742
AT2G15680	NP_396510	0	0.00016448
AT3G49270	A0A4D7X3W9	0	0.0001633
AT3G42800	NP_396510	0	0.00016321
AT5G02160	NP_396510	0	0.0001632
AT5G09920	A0A4D7X3W9	0	0.00018355
AT4G19210	A0A4D7X3W9	0	0.00020625
AT5G48290	A0A083ZQS1	0	0.00018892
AT1G53250	A0A4D7X3W9	0	0.0001632
AT2G37330	A0A4D7X3W9	0	0.00016349
AT3G17430	A0A083ZQS1	0	0.00016356
AT3G28970	NP_396510	0	0.00016388
AT3G48185	A0A202EEL7	0	0.00016354
AT3G12650	A0A202EEL7	0	0.00016379
AT2G04235	A0A202EEL7	0	0.00016327
AT2G41720	A0A202EEL7	0	0.00016313
AT1G33810	A0A6M3WSS2	0	0.00016316
AT5G08780	A0A2S8NU52	0	0.0001632
AT1G24260	A0A2S8NU52	0	0.00016563
AT5G13900	WP_011412651	0	0.00017236
AT1G71000	A0A421NUF4	0	0.00016449
AT5G58750	WP_011412651	0	0.00016278
AT3G07040	A0A421NUF4	0	0.00016384
ATCG00820	A0A6M3WSS2	0	0.00016504
AT3G04450	WP_011412651	0	0.00016276
AT5G23960	WP_011412651	0	0.00016296
AT1G35614	A0A421NUF4	0	0.00017934
AT2G33300	A0A421NYW6	0	0.00016319
AT2G04025	A0A421NUF4	0	0.00020081
AT2G37690	A0A2S8NU52	0	0.00019127
AT5G35520	A0A6M3WSS2	0	0.00016321
AT2G34585	A0A421NUF4	0	0.00017804
AT3G24000	A0A421NUF4	0	0.00016561
AT1G04610	A0A2S8NU52	0	0.00016494
AT3G42310	WP_011412651	0	0.00016354
AT5G14260	A0A2S8NU52	0	0.00016341
AT5G12210	WP_011412651	0	0.00016374
AT5G42920	A0A2S8NU52	0	0.00016344
AT5G38470	A0A421NYW6	0	0.00016458
AT2G35760	WP_011412651	0	0.00016677
AT2G42040	WP_011412651	0	0.00016321
AT5G02990	A0A2S8NU52	0	0.00016492
AT4G33830	A0A6M3WSS2	0	0.0001664
AT2G43465	A0A6M3WSS2	0	0.0001635
AT3G14740	WP_011412651	0	0.00016282
AT4G24820	A0A2S8NU52	0	0.00016327
AT4G25170	A0A421NYW6	0	0.00016375
AT1G06210	A0A421NUF4	0	0.00018067
AT5G55920	A0A6M3WSS2	0	0.0001645
AT4G35270	A0A421NYW6	0	0.00016423
AT2G20613	A0A421NYW6	0	0.00016304
AT3G61340	WP_011412651	0	0.0001694
AT3G18730	A0A6M3WSS2	0	0.00016355
AT1G44940	A0A2S8NU52	0	0.00016948
AT5G45790	A0A2S8NU52	0	0.00016416
AT3G60480	WP_011412651	0	0.00016477
AT4G11385	A0A421NUF4	0	0.00018583
AT5G22790	A0A6M3WSS2	0	0.00016381
AT4G18750	A0A1P8YXI3	0	0.00017301
AT2G32460	A0A1P8YXV7	0	0.00016897
AT4G12230	A0A1P8YXV7	0	0.00016671
AT1G64130	A0A1P8YY29	0	0.0001678
AT2G45320	A0A1P8YXJ7	0	0.00016623
AT1G36745	A0A1P8YXV7	0	0.00021377
AT3G47500	A0A1P8YXK6	0	0.00020644
AT4G03490	A0A1P8YY29	0	0.00018667
AT1G16850	A0A1P8YXJ5	0	0.00021637
AT1G68720	CAD16676	0	0.00016441
ATMG00960	A0A1P8YXJ5	0	0.00067347
AT1G16570	A0A1P8YXJ5	0	0.00016358
AT1G18335	A0A1P8YXJ7	0	0.00016352
AT2G24960	A0A1P8YXJ7	0	0.00016336
AT3G27750	A0A1P8YXJ7	0	0.00016432
AT5G04750	A0A1P8YXV7	0	0.00021245
AT2G30990	A0A1P8YXK6	0	0.00017012
AT2G07725	A0A1P8YXV7	0	0.00018219
AT3G56710	A0A1P8YXL4	0	0.00016287
AT3G04880	A0A1P8YXV7	0	0.00022012
AT4G30880	ACY70449	0	0.00016506
AT3G11325	I7A175	0	0.0001701
AT5G55250	ACY70449	0	0.00016264
AT1G53645	ACY70449	0	0.00016267
AT4G20880	ACY70449	0	0.0001635
AT1G71720	I7A175	0	0.00022172
AT5G16780	ACY70449	0	0.00016331
AT3G51970	I7A175	0	0.00016496
AT5G19940	ACY70449	0	0.00016487
AT2G23450	I7A175	0	0.00028637
AT1G71920	ACY70449	0	0.00016351
AT4G38040	I7A175	0	0.00016451
AT2G30390	ACY70449	0	0.00016385
AT1G68585	I7A175	0	0.00018912
AT5G48560	I7A175	0	0.00018755
AT1G32710	A0A088QD71	0	0.00016416
AT5G20300	A0A088QD71	0	0.00017754
AT4G37830	OEC70	0	0.00017373
AT3G21470	OEC70	0	0.00016376
AT4G33130	A0A088QD10	0	0.00016627
AT1G19715	OEC49	0	0.00016978
AT1G21470	OEC76	0	0.00016725
AT1G62750	OEC49	0	0.00016739
AT4G01050	A0A088QD05	0	0.00026214
AT2G34730	OEC78	0	0.00021055
AT4G28706	OEC76	0	0.00016881
AT5G04670	A0A088QD71	0	0.00016851
AT1G30473	OEC70	0	0.00016344
AT3G02750	OEC118	0	0.00016377
AT2G18460	OEC76	0	0.00016711
AT1G06440	OEC49	0	0.00016509
AT4G01860	A0A088QD10	0	0.00019341
AT5G41790	OEC14	0	0.00016844
AT3G49560	OEC76	0	0.00016324
AT4G10820	OEC112	0	0.00020605
AT2G38690	OEC84	0	0.00016576
AT5G63470	OEC118	0	0.00017652
AT2G39975	OEC76	0	0.00016577
AT3G02160	A0A088QF73	0	0.0001805
AT3G19020	A0A088QD05	0	0.00016496
AT4G00650	OEC49	0	0.00016336
AT2G19550	OEC84	0	0.00037423
AT2G45690	OEC23b	0	0.00016499
AT5G06190	A0A088QF73	0	0.00016396
AT5G45400	OEC84	0	0.00016742
AT1G66420	OEC71	0	0.00016572
AT3G11825	OEC125	0	0.00016408
AT3G20730	A0A088QD10	0	0.00016306
AT1G15700	OEC70	0	0.00016373
AT1G36272	OEC118	0	0.0005114
AT1G44090	OEC76	0	0.00017059
AT2G39805	A0A088QD71	0	0.00016455
AT5G14300	OEC78	0	0.00016494
AT1G29070	OEC125	0	0.00016488
AT2G46970	OEC84	0	0.00016358
AT1G14810	OEC78	0	0.00016691
AT5G55410	A0A088QD71	0	0.0001645
AT1G80133	A0A088QD10	0	0.00016289
AT2G40030	A0A088QFA2	0	0.00017638
AT1G70620	A0A088QF73	0	0.00019465
AT4G08455	A0A088QCP1	0	0.00016438
AT4G02590	A0A088QF73	0	0.030879
AT5G08130	A0A088QD71	0	0.00018251
AT5G66052	A0A088QCP1	0	0.00016397
AT1G23170	OEC118	0	0.00016729
AT3G47620	A0A088QCP1	0	0.99775
AT2G16365	OEC84	0	0.00016762
AT5G26680	OEC125	0	0.00017018
AT4G17830	OEC76	0	0.00017617
AT4G09170	A0A088QD05	0	0.00017633
AT2G36580	OEC71	0	0.0002715
AT5G42920	OEC78	0	0.00017169
AT2G39260	A0A088QD71	0	0.00016837
AT1G64780	A0A088QD71	0	0.00016639
AT4G21660	A0A088QCP1	0	0.00016294
AT3G14140	A0A088QCP1	0	0.00016388
AT5G01700	A0A088QD71	0	0.00017746
AT2G25270	A0A088QF73	0	0.00016482
AT2G19610	OEC49	0	0.0001653
AT5G43540	OEC78	0	0.00017395
AT2G20740	A0A088QD05	0	0.00016534
AT3G27970	A0A088QCP1	0	0.00016301
AT2G46780	OEC14	0	0.00018686
AT2G05230	A0A088QCP1	0	0.00016327
AT5G09990	A0A088QF73	0	0.00020776
AT1G78630	OEC125	0	0.00017325
AT2G27570	OEC78	0	0.00016697
AT5G24470	OEC70	0	0.0001646
AT1G75540	OEC14	0	0.00016755
AT3G43432	OEC49	0	0.00016548
AT2G41520	A0A088QCP1	0	0.0001635
AT3G54990	OEC70	0	0.00016948
AT5G48730	OEC78	0	0.00016445
AT1G79210	A0A088QD10	0	0.00017349
AT5G39660	OEC14	0	0.00018193
AT1G50750	A0A088QD10	0	0.00016675
AT3G43930	A0A088QD71	0	0.00017318
AT3G07273	OEC70	0	0.00041289
AT4G01880	OEC23b	0	0.00017451
AT1G78810	OEC14	0	0.00017015
AT5G48570	OEC70	0	0.00020151
AT3G23940	OEC71	0	0.00016303
AT3G57970	OEC84	0	0.00016829
AT4G02940	OEC125	0	0.00016776
AT3G07660	OEC71	0	0.00016715
AT1G19250	A0A088QD10	0	0.00016346
AT1G79490	OEC118	0	0.00016246
AT3G27970	OEC112	0	0.0002261
AT1G72180	A0A088QD10	0	0.00016344
AT2G13550	OEC70	0	0.00031962
AT5G15770	A0A088QFA2	0	0.00016835
AT5G40610	A0A088QCP1	0	0.0001638
AT5G12235	OEC23b	0	0.00017315
AT1G78230	A0A088QCP1	0	0.0001631
AT1G02060	A0A088QD10	0	0.00016289
AT1G01550	A0A088QD05	0	0.00023002
AT4G37030	A0A088QD71	0	0.00016533
AT3G63090	OEC125	0	0.00016799
AT5G59520	OEC70	0	0.00016294
AT5G41450	OEC70	0	0.1039
AT4G17260	OEC112	0	0.0002422
AT3G15351	A0A088QD10	0	0.00016248
AT2G19870	OEC14	0	0.00017177
AT4G15510	OEC14	0	0.00016561
AT4G28640	A0A088QCP1	0	0.00050588
AT4G15630	OEC78	0	0.00016421
AT1G27280	A0A088QD05	0	0.00016719
AT2G03880	OEC125	0	0.00016654
AT1G20470	A0A088QD10	0	0.00016384
AT5G54225	OEC77	0	0.00016404
AT5G04410	A0A088QF73	0	0.00017439
AT1G29070	A0A088QFA2	0	0.00016547
AT5G55580	A0A088QD71	0	0.0001642
AT2G09970	OEC77	0	0.00016405
AT1G06230	OEC112	0	0.00022186
AT5G65750	OEC49	0	0.00016418
AT3G22420	A0A088QD10	0	0.00016441
AT1G74530	OEC125	0	0.00016883
AT5G49880	OEC49	0	0.00017444
AT5G61990	A0A088QD71	0	0.00016406
AT4G18740	OEC125	0	0.00016635
AT4G27850	OEC23b	0	0.00018259
AT5G67640	OEC78	0	0.00016386
AT5G24690	OEC125	0	0.00016701
AT5G15560	A0A088QF73	0	0.00016572
AT1G71860	OEC14	0	0.00032225
AT3G06280	A0A088QD05	0	0.00017631
AT5G55970	OEC49	0	0.00017159
AT1G78830	OEC23b	0	0.00021266
AT1G50200	OEC70	0	0.00017787
AT2G31850	OEC118	0	0.00016242
AT4G25170	OEC118	0	0.00016901
AT5G39880	OEC14	0	0.00016282
AT4G28940	OEC76	0	0.00025813
AT4G25360	OEC112	0	0.00017838
AT1G48440	OEC78	0	0.00017304
AT3G05710	OEC14	0	0.0001631
AT1G03905	A0A088QD71	0	0.00029335
AT2G41830	A0A088QD71	0	0.00016495
AT5G44570	OEC70	0	0.00016542
AT3G56180	A0A088QD05	0	0.00016855
AT5G07900	OEC76	0	0.00016708
AT5G53690	A0A088QCP1	0	0.00016333
AT5G38690	A0A088QD71	0	0.00016718
AT1G23710	A0A088QCP1	0	0.00016361
AT1G80210	OEC112	0	0.00027774
AT2G26550	OEC78	0	0.00017331
AT1G07485	OEC78	0	0.0001693
AT1G14900	OEC125	0	0.00016639
AT2G38680	OEC118	0	0.00016243
AT2G21440	OEC76	0	0.00016766
AT5G06210	A0A088QCP1	0	0.00016343
AT3G43870	A0A088QCP1	0	0.00016369
AT1G27380	OEC49	0	0.00016654
AT3G44440	A0A088QD05	0	0.00017242
AT4G30080	A0A088QFA2	0	0.00019381
AT3G52070	A0A088QF73	0	0.00017799
AT3G45030	OEC14	0	0.00028873
AT4G24810	OEC78	0	0.00016735
AT1G02080	A0A088QD10	0	0.00016524
AT3G50930	OEC23b	0	0.0001858
AT3G47410	A0A088QF73	0	0.00016401
AT5G37450	OEC71	0	0.00016299
AT1G68660	OEC84	0	0.00016936
AT4G05091	OEC118	0	0.00016257
AT4G11000	OEC23b	0	0.00017586
AT5G66780	OEC125	0	0.00016361
AT3G47520	OEC49	0	0.00016606
AT1G65810	OEC14	0	0.00016761
AT5G09920	OEC14	0	0.00020942
AT4G38160	A0A088QFA2	0	0.00019351
AT3G23540	OEC49	0	0.0001977
AT1G50500	OEC70	0	0.00016994
AT1G60720	A0A088QD10	0	0.00016291
AT1G80380	A0A088QCP1	0	0.00016281
AT4G04040	OEC14	0	0.00016574
AT5G57810	A0A088QD05	0	0.0001797
AT5G12440	OEC49	0	0.00016522
AT3G03010	OEC84	0	0.00016376
AT2G26700	A0A088QD05	0	0.00016397
AT5G26760	OEC118	0	0.00016401
AT1G26120	OEC76	0	0.00016373
AT5G47010	OEC84	0	0.00016589
AT4G12210	A0A088QD71	0	0.00017899
AT4G10030	A0A7T1NUZ6	0	0.00017231
AT4G22320	AEN69461	0	0.00016335
AT5G53460	AEN69461	0	0.00016334
AT4G39680	A0A7T1NUZ6	0	0.00016609
AT4G36460	A0A7T1NUZ6	0	0.00016329
AT3G10880	AEN69461	0	0.00016261
AT5G48630	A0A7T1NUZ6	0	0.00016346
AT3G02280	A0A7T1KNJ8	0	0.00021118
AT5G38520	ABY49997	0	0.00023858
AT3G06740	AAO33473	0	0.0001704
AT1G75550	ACU12491	0	0.00016383
AT5G02550	AAO33473	0	0.0001661
AT2G02410	AAP30775	0	0.00016345
AT1G11905	AAO33473	0	0.00018889
AT2G20990	ABY49997	0	0.0002357
AT1G67190	ABY49997	0	0.000183
AT3G63290	AJR22224	0	0.00016343
AT3G21520	ABY49997	0	0.00016875
AT3G33494	AJR22224	0	0.00016514
AT5G08390	AAP30775	0	0.00019847
AT2G35630	AAO33473	0	0.00019273
AT3G47540	AAP30775	0	0.00017276
AT5G27690	AAO33473	0	0.00021121
AT5G57370	AAO33473	0	0.00022532
AT2G40980	AAO33473	0	0.00016776
AT2G24490	AAO33473	0	0.0012983
AT1G67190	ACU12491	0	0.00016312
AT2G22600	ACU12491	0	0.00017718
AT1G13740	ACU12491	0	0.00016958
AT2G37035	ACU12491	0	0.00016421
AT5G16150	ACU12491	0	0.00016374
AT2G31560	AAP30775	0	0.00016296
AT2G43950	AAP30775	0	0.00016559
AT1G31140	AJR22224	0	0.00016369
AT3G55460	AJR22224	0	0.00016479
AT2G44600	ACU12491	0	0.00017421
AT1G53590	AAP30775	0	0.00016662
AT1G79200	AJR22224	0	0.00016342
AT2G29260	AAO33473	0	0.00018279
AT4G25880	AAO33473	0	0.000168
AT1G26100	M4B6E5	0	0.00016316
AT1G79370	A0A090BBB3	0	0.0001911
AT3G57050	ATR13_WACO5	0	0.00019501
AT3G55340	HARXLL464	0	0.00016338
AT3G27550	A0A090BBH9	0	0.00016302
AT5G50840	A0A090B911	0	0.00016287
AT2G24830	A0A090B8U7	0	0.00016912
AT5G62330	A0A090B8V6	0	0.00016463
AT4G25860	M4BIR1	0	0.00019016
AT3G04450	M4BZ57	0	0.00017683
AT5G09340	A0A090C2W4	0	0.00018736
AT5G57810	HARXLCRN15	0	0.00016436
AT5G22780	A0A090C2R2	0	0.00016526
AT5G55010	HARXLL437	0	0.00016376
AT4G22820	HARXLL441	0	0.00017171
AT1G70260	A0A090C2Q7	0	0.00016413
AT1G15600	A0A090C2T9	0	0.00016612
AT3G42060	A0A090C2S1	0	0.00016436
AT4G20400	A0A090BH16	0	0.00016338
AT5G01170	M4BF35	0	0.00016463
AT3G18610	M4B9M9	0	0.00016341
AT5G48700	HARXLCRN15	0	0.00020903
AT1G46480	M4BVK3	0	0.00016311
AT2G47270	A0A090C2T4	0	0.00016472
AT3G19870	M4C3I0	0	0.00016679
AT3G29320	HARXL73	0	0.00016332
AT4G15740	A0A090C2Q7	0	0.00016863
AT5G47170	M4BZ57	0	0.00016423
AT5G08420	AAX51204	0	0.00016355
AT4G33580	M4BM40	0	0.00016409
AT2G43910	HARXLL464	0	0.00016414
AT5G60440	HARXLL464	0	0.00016691
AT3G01750	G3C9P7	0	0.00016326
AT1G06330	A0A090C2T4	0	0.00016365
AT5G56360	HARXL65	0	0.00016537
AT3G46740	A0A090BBA9	0	0.00017289
AT1G27045	A0A090B911	0	0.000163
AT1G05805	A0A090C2W4	0	0.00018375
AT5G44870	F6MF03	0	0.00016534
AT2G47390	M4BVT8	0	0.00020167
AT2G41550	ATR1_NOKS1	0	0.00016234
AT5G42750	HARXLL441	0	0.00016237
AT5G35080	M4BZ57	0	0.00017612
AT5G46200	M4BX77	0	0.00019191
AT3G56350	A0A090BHJ0	0	0.00024993
AT1G56320	A0A090BFM8	0	0.00017706
AT2G32460	M4C6Q5	0	0.00016282
AT2G34820	A0A090BH79	0	0.00016777
AT1G29030	M4BIR2	0	0.00016388
AT4G37650	M4BZ57	0	0.00016261
AT1G17800	A0A090BEW7	0	0.00019823
AT4G00231	HARXLL437	0	0.00016371
AT3G15357	M4C6Q5	0	0.00016309
AT1G65346	M4BA83	0	0.00016356
AT5G18404	HARXL47_A	0	0.00016487
AT5G18525	A0A090BH16	0	0.00016552
AT2G26810	M4C6Q5	0	0.00016438
AT1G52670	A0A090C2Q7	0	0.00019305
AT5G29210	A0A090BFM8	0	0.0001649
AT4G28640	A0A090C2U8	0	0.0001923
AT4G35040	A0A090C2T4	0	0.00016279
AT1G03560	A0A090BH16	0	0.00016304
AT1G47495	A0A090BFD1	0	0.00016426
AT5G03930	A0A090BF51	0	0.00020193
AT1G27752	HARXL16	0	0.00016295
AT2G42310	A0A090B911	0	0.00019093
AT4G39870	M4BQV8	0	0.00016572
AT5G42970	M4BVK3	0	0.00016344
AT1G64800	ATR13_EMOY2	0	0.00016263
AT2G07798	A0A090C2T9	0	0.0001649
AT5G65210	A0A090B8P8	0	0.00016328
AT5G58570	A0A090BFF0	0	0.00016555
AT5G06905	A0A090C2V2	0	0.00016401
AT1G67230	A0A090B8Q7	0	0.0001695
AT4G18880	A0A090BBH9	0	0.00016647
AT2G13350	A0A090C2T4	0	0.00016451
AT1G32240	A0A090B8Z8	0	0.00016323
AT3G11590	M4BYC3	0	0.00016376
AT5G07350	A0A090BF44	0	0.00016871
AT2G23360	A0A090C2T9	0	0.00016572
AT5G03130	A0A090C2V2	0	0.00016383
AT4G28000	G3C9P5	0	0.00016438
AT3G27860	M4C3I0	0	0.00017281
AT3G01080	A0A090C2Q5	0	0.00016403
AT1G25580	A0A090BBZ9	0	0.00017075
AT5G54310	A0A090BFT0	0	0.00016291
AT2G20570	A0A090BFV7	0	0.00016299
AT3G50780	M4BVK3	0	0.0001639
AT4G29420	M4C004	0	0.00016506
AT2G24600	A0A090C2W4	0	0.00016994
AT1G80390	M4BXD4	0	0.00017707
AT2G38500	M4BXD4	0	0.00016603
AT2G12170	M4C2S2	0	0.00016712
AT5G56369	A0A090BF51	0	0.00017034
AT1G71780	HARXLL429	0	0.00017088
AT1G09220	HARXL44	0	0.0001646
AT5G15610	A0A090BBA9	0	0.00016321
AT1G57780	A0A090B8N8	0	0.00017504
AT1G47270	A0A090BBZ9	0	0.00016442
AT1G56450	A0A090BEW7	0	0.00017236
AT2G41940	A0A090C2T4	0	0.00016273
AT1G56345	M4B6E5	0	0.00016836
AT1G72620	HARXL45_WACO9	0	0.00016277
AT5G24570	HARXL62	0	0.00016404
AT5G36950	M4BAV3	0	0.00020236
AT3G15490	M4BS62	0	0.00016338
AT1G30550	ATR13_MAKS9	0	0.00016382
AT1G01730	M4BMD0	0	0.00016292
AT3G08530	M4B9M9	0	0.00016374
AT1G08620	A0A090BF22	0	0.00016378
AT2G42730	A0A090BFF0	0	0.00016921
AT1G16870	A0A090C2T4	0	0.00016318
AT1G80420	ATR1_NOKS1	0	0.00016312
AT1G74360	A0A090BH65	0	0.00016478
AT1G01550	M4BS62	0	0.00016376
AT1G17800	M4BUL7	0	0.00020366
AT1G01680	HARXLL464	0	0.00016345
AT2G44950	A0A090B857	0	0.00016305
AT2G05990	HARXLL464	0	0.00016415
AT3G18650	A0A090BFD1	0	0.00016293
AT2G36990	A0A090BF51	0	0.00016281
AT5G24400	M4C3I0	0	0.00017696
AT5G63905	A0A090B8N8	0	0.0001661
AT5G45120	A0A090C2T9	0	0.00067798
AT2G47450	A0A090BHE7	0	0.00017911
AT2G04845	A0A090BFF6	0	0.00031835
AT2G44950	A0A090BF44	0	0.00016733
AT5G59230	A0A090BFF6	0	0.00016864
AT1G54930	M4B9M9	0	0.00016277
AT2G21150	M4C2S2	0	0.00016786
AT3G27350	A0A090BF44	0	0.00016313
AT1G16500	A0A090C2Q5	0	0.00016379
AT4G18395	A0A090B8V6	0	0.00016489
AT3G20440	A0A090BFF6	0	0.00016623
AT2G20463	A0A090BH65	0	0.00016525
AT5G58730	M4BVT8	0	0.00028578
AT2G02023	M4BM40	0	0.00016416
AT5G56950	A0A090BH79	0	0.00031157
AT5G35210	A0A090B8G5	0	0.00016438
AT5G22790	HARXL18	0	0.00016481
AT2G38465	M4C6Q5	0	0.00018621
AT1G51610	ATR13_EMOY2	0	0.00016322
AT3G24065	A0A090BFM8	0	0.0001937
AT1G63690	A0A090BHB5	0	0.00017552
AT3G15910	AAX51204	0	0.00016428
AT5G09410	A0A090BH79	0	0.00016326
AT1G18690	ATR1_NOKS1	0	0.00016277
AT2G17340	HARXL18	0	0.00016671
AT2G25570	A0A090BH65	0	0.00016323
AT5G06690	A0A090BBZ9	0	0.00020504
AT1G56570	AAX51201	0	0.0001632
AT3G06650	ATR13_EMOY2	0	0.00016355
AT5G09950	A0A090C2U8	0	0.00016407
AT3G21880	HARXLL437	0	0.00016321
AT5G57160	A0A090BF51	0	0.00016639
AT1G17470	A0A090BFC6	0	0.00016312
AT2G28190	A0A090BBM9	0	0.00032699
AT2G25685	G3C9M2	0	0.00017289
AT2G13350	A0A090C2T9	0	0.00017405
AT5G60840	A0A090B8V6	0	0.00017155
AT3G25170	AAX51204	0	0.00016848
AT5G38770	A0A090C2T9	0	0.00016509
AT4G35230	A0A090B8Q7	0	0.00019541
AT2G38770	HARXLL73	0	0.00016356
AT5G41770	A0A090B8N8	0	0.00016386
AT3G61200	A0A090C2Q7	0	0.7072
AT3G18830	A0A090C2U8	0	0.00016738
AT1G46840	A0A090C2U8	0	0.00017311
AT1G04930	M4C6Q5	0	0.00017645
AT5G50280	A0A090BHG5	0	0.0001643
AT4G18870	A0A090BH16	0	0.00016332
AT3G10116	AAX51204	0	0.00016862
AT3G17465	M4BM35	0	0.00017311
AT4G24930	AAX51201	0	0.00019985
AT3G61200	M4BMD0	0	0.71989
AT4G12620	G3C9N3	0	0.00016484
AT2G20835	A0A090C2V2	0	0.00016337
AT5G66780	M4BAV3	0	0.00016389
AT4G29670	G3C9N3	0	0.00020965
AT1G74320	G3C9P7	0	0.00016394
AT5G01450	A0A090C2W1	0	0.00018198
AT3G03750	M4BX77	0	0.00016343
AT4G36460	G3C9P5	0	0.00016368
AT1G23870	A0A090BF44	0	0.0001712
AT2G16050	A0A090BH65	0	0.00016267
AT5G35330	M4BM35	0	0.00016729
AT5G13825	HARXL47_A	0	0.00016381
AT4G23510	HaRxL147	0	0.00016444
AT4G30090	HARXLL437	0	0.00016323
AT2G20210	A0A090BEW7	0	0.00016303
AT1G20370	HARXLL437	0	0.00016378
AT5G14050	A0A090BEW7	0	0.00068708
AT4G21060	M4B236	0	0.0001633
AT5G43230	A0A090BBA9	0	0.00016331
AT1G11820	HARXLL437	0	0.00016346
AT3G50373	M4BF35	0	0.00016429
AT1G21940	M4BYC3	0	0.00016353
AT5G40550	A0A090BBH9	0	0.00018188
AT1G02960	A0A090C2T4	0	0.00016398
AT1G55750	A0A090BHG0	0	0.00016306
AT1G33440	A0A090BHG5	0	0.00016495
AT4G21213	HARXL16	0	0.00016523
AT2G17340	M4C6Q5	0	0.00016494
AT4G13970	M4BWJ0	0	0.00016484
AT1G73470	M4B236	0	0.0001632
AT4G33880	A0A090BBA9	0	0.00016315
AT3G04640	HaRxL147	0	0.00016572
AT3G06290	M4BVT8	0	0.00016491
AT1G48095	A0A090BFM8	0	0.00016434
AT1G66500	A0A090C2U8	0	0.0001638
AT2G47820	A0A090C2U8	0	0.0001651
AT3G50870	A0A090BH16	0	0.00016264
AT1G64405	A0A090C2Q5	0	0.00016329
AT2G13540	M4BWJ0	0	0.00016349
AT5G18400	HARXLL437	0	0.00016934
AT5G61360	A0A090C2S1	0	0.00016406
AT5G22360	HARXLL429	0	0.00016365
AT5G39980	A0A090BEW7	0	0.00016377
AT1G68680	ATR13_MAKS9	0	0.00016271
AT4G32890	A0A090BF22	0	0.00016294
AT3G28330	M4B6E5	0	0.00019337
AT1G19720	A0A090BFF6	0	0.00016682
AT2G43770	A0A090B8T8	0	0.00025853
AT5G43430	M4BYC3	0	0.00016356
AT1G14030	G3C9M2	0	0.00017735
AT5G44450	HARXL45_WACO9	0	0.00016337
AT5G03300	M4C6Q5	0	0.00016375
AT1G21550	A0A090BHG5	0	0.00016341
AT4G17570	M4BQV8	0	0.00016294
AT1G15940	A0A090B8U7	0	0.00016392
AT3G20750	M4B6E5	0	0.00016381
AT1G32600	M4BA83	0	0.00016903
AT5G48730	M4BM35	0	0.00016348
AT4G27470	A0A090B8P8	0	0.00016351
AT5G14440	A0A090C2T9	0	0.00016332
AT5G06570	A0A090BBB3	0	0.00077081
AT3G01460	A0A090BHJ3	0	0.00016563
AT5G22870	A0A090BF51	0	0.00017834
AT2G43110	M4BVT8	0	0.00016894
AT2G05600	M4C3I0	0	0.00022009
AT4G24900	A0A090BBD0	0	0.0001627
AT2G38040	HARXL45_WACO9	0	0.00017201
AT2G38280	G3C9N3	0	0.00016354
AT4G21190	HARXL65	0	0.000163
AT2G40640	A0A090C2T2	0	0.00017092
AT5G48980	M4BX77	0	0.00016602
AT1G26780	M4C2S2	0	0.00016278
AT2G28700	A0A090BHJ0	0	0.00016308
AT5G37240	M4BXD4	0	0.00016416
AT3G16360	M4B236	0	0.00016389
AT3G17430	A0A090BBM9	0	0.0001645
AT1G27510	A0A090C2W1	0	0.00017085
AT2G40910	A0A090BHJ3	0	0.00019059
AT1G73177	M4B9M9	0	0.00016354
AT2G42260	M4BWJ0	0	0.00016331
AT2G29260	A0A090BFF6	0	0.00032315
AT5G10380	A0A090BFF0	0	0.00016924
AT3G25940	A0A090BHG5	0	0.00016317
AT4G03115	G3C9N0	0	0.00016403
AT3G08770	A0A090C2W4	0	0.00016556
AT3G53710	A0A090BHJ3	0	0.00016346
AT5G21170	HARXL73	0	0.00016843
AT1G34410	M4BQV8	0	0.00016356
AT3G62930	HARXL65	0	0.00016297
AT4G08310	M4BZ57	0	0.00016295
AT4G35430	A0A090B8N0	0	0.00016733
AT4G17453	A0A090BBH9	0	0.00016681
AT1G12760	HARXL18	0	0.00016387
AT5G26805	A0A090C2Q5	0	0.00017111
AT1G07020	G3C9N0	0	0.00016487
AT1G60987	M4BM35	0	0.00017526
AT2G37678	A0A090BFF6	0	0.0001685
AT5G61990	A0A090C2W4	0	0.00016539
AT3G20840	HARXL65	0	0.00016539
AT4G00020	A0A090B8Q7	0	0.00016333
AT1G35614	A0A090B911	0	0.00016575
AT4G26790	M4BQV8	0	0.0001682
AT5G19480	A0A090B8G5	0	0.00016304
AT1G18700	A0A090C2T9	0	0.00016358
AT2G20690	AAX51204	0	0.010607
AT5G27690	A0A090BFV7	0	0.00016315
AT2G44950	A0A090BBA9	0	0.0001652
AT1G71090	M4B9M9	0	0.00016385
AT1G61050	A0A090BBB3	0	0.00016391
AT4G17505	A0A090B8N0	0	0.00020211
AT5G01445	M4BWJ0	0	0.00016356
AT5G47260	M4C3I0	0	0.00019147
AT4G16700	M4BZU9	0	0.00016344
AT2G29995	A0A090BH79	0	0.00016579
AT3G05330	HARXL73	0	0.0001631
AT3G12150	A0A090BBM9	0	0.00018755
AT2G30760	A0A090C2N6	0	0.00016524
AT5G17390	A0A090B8P8	0	0.0001719
AT4G36070	M4BX77	0	0.00016613
AT2G29590	A0A090B8U7	0	0.0013093
AT5G41300	A0A090B8Z8	0	0.00017736
AT3G60600	A0A090BBB3	0	0.010405
AT4G39620	A0A090BEW7	0	0.00016401
AT2G02570	G3C9N0	0	0.00023806
AT4G36390	A0A090C2T4	0	0.0001666
AT3G22142	A0A090B8N0	0	0.00017864
AT3G25882	M4BM40	0	0.00016298
AT4G32110	A0A090BHG5	0	0.00039972
AT1G26180	A0A090C2T9	0	0.00017773
AT4G34710	M4BVK3	0	0.00017428
AT5G26810	HARXL18	0	0.00016392
AT3G10560	A0A090B857	0	0.00016439
AT2G33000	A0A090BFF0	0	0.00017033
AT1G26945	A0A090C2S1	0	0.00016482
AT1G08480	M4BMD0	0	0.00016439
AT1G63660	A0A090C2Q5	0	0.00016485
AT1G19140	A0A090C2U8	0	0.00016406
AT2G26850	A0A090B911	0	0.00016838
AT3G19000	M4B9M9	0	0.00016717
AT3G14910	M4C6Q5	0	0.00049981
AT3G32940	A0A090BF44	0	0.00017477
AT5G16280	M4BM40	0	0.00016428
AT2G19620	A0A090BHJ0	0	0.00016259
AT5G26805	ATR1_NOKS1	0	0.0001684
ATMG00450	A0A090B8Z8	0	0.00021125
AT1G64680	M4BF35	0	0.00051917
AT1G13130	A0A090BBH9	0	0.00016318
AT5G22160	AAX51201	0	0.00018049
AT1G47570	A0A090B8P8	0	0.0001631
AT1G68725	A0A090B8T8	0	0.00016319
AT1G70630	ATR13_EMOY2	0	0.00016267
AT4G24750	A0A090BHE7	0	0.00017546
AT1G05805	A0A090B8P8	0	0.00016273
AT1G07870	ATR13_MAKS9	0	0.00093327
AT5G06680	M4BQV8	0	0.00016303
AT2G30505	M4BZU9	0	0.00016369
AT5G20690	A0A090C2W1	0	0.00024864
AT5G23390	A0A090B8Q7	0	0.0001638
AT1G65470	M4B236	0	0.00016316
AT5G03620	M4BZ57	0	0.00016613
AT2G32650	HaRxL147	0	0.00017492
AT5G27650	M4C6Q5	0	0.00016409
AT3G48780	HARXLL464	0	0.00018197
AT4G15830	M4BMD0	0	0.00016576
AT3G61800	AAX51201	0	0.00016258
AT1G12840	M4BMD0	0	0.00016425
AT5G54700	A0A090C2V2	0	0.0001638
AT3G61200	G3C9P5	0	0.7282
AT1G78630	A0A090BFF0	0	0.00017454
AT4G27590	ATR13_EMOY2	0	0.00016292
AT1G01840	ATR13_EMOY2	0	0.00017447
AT3G20740	A0A090BH79	0	0.0062951
AT4G11485	A0A090B8U7	0	0.00017265
AT3G63090	AAX51204	0	0.00016294
AT1G23890	A0A090B8U7	0	0.00020333
AT5G18480	A0A090BH16	0	0.00016329
AT5G39040	ATR13_EMOY2	0	0.00018436
AT2G30940	A0A090BBB3	0	0.00049711
AT5G25860	A0A090BF22	0	0.00016304
AT5G57410	A0A090BHJ3	0	0.00016334
AT3G23900	A0A090BHB5	0	0.00016868
AT1G03365	A0A090BBA9	0	0.00016344
AT3G07180	A0A090BHG0	0	0.00016445
AT3G28030	A0A090C2P4	0	0.00016352
AT4G12960	A0A090B8V6	0	0.00016618
AT3G18360	M4BX77	0	0.00016347
AT1G26150	A0A090C2R2	0	0.00022221
AT5G37290	A0A090BH16	0	0.0001707
AT3G08020	ATR13_EMOY2	0	0.001162
AT2G22140	HARXL47_A	0	0.00016314
AT2G46420	A0A090B8T8	0	0.00016489
AT1G63810	A0A090C2W4	0	0.00017604
AT2G33840	A0A090BHJ3	0	0.00016343
AT5G10130	A0A090BHG5	0	0.00020017
AT4G21213	A0A090C2N6	0	0.00016501
AT4G03590	A0A090BBM9	0	0.00016424
AT5G17370	G3C9P7	0	0.00060907
AT2G18000	AAX51201	0	0.00016284
AT3G22790	ATR13_EMOY2	0	0.15249
AT2G07140	A0A090B8Q7	0	0.00017846
AT2G19893	ATR13_MAKS9	0	0.00016449
AT1G48095	HaRxL147	0	0.00016464
AT3G25820	A0A090B8N0	0	0.0001629
AT5G40430	M4BAV3	0	0.00016393
AT1G08910	M4B9M9	0	0.000163
AT1G47470	M4C004	0	0.00016311
AT3G54900	M4BIR1	0	0.0001671
AT3G19070	A0A090C2T2	0	0.00016413
AT3G59280	A0A090C2U8	0	0.00016864
AT1G72060	HARXLL429	0	0.00016374
AT1G28190	A0A090BBB3	0	0.00016339
AT1G76920	M4C3I0	0	0.00016858
AT4G34350	M4C2S2	0	0.00016405
AT5G12900	ATR13_MAKS9	0	0.0041623
AT4G28510	A0A090BFM8	0	0.00017298
AT2G39280	HARXLL441	0	0.00061009
AT3G21580	A0A090BFD1	0	0.00017027
AT2G33360	M4BMD0	0	0.00016723
AT4G30480	ATR13_EMOY2	0	0.00016631
AT1G24600	M4BUL7	0	0.00016305
AT4G20880	AAX51204	0	0.00016294
AT4G16200	A0A090C2S1	0	0.0001737
AT3G60830	A0A090B8P8	0	0.00016355
AT1G54570	A0A090C2W1	0	0.00016354
AT5G67060	A0A090B8N0	0	0.00016368
AT5G21140	A0A090BHG5	0	0.00016317
AT5G56880	M4B9M9	0	0.00016752
AT3G16410	HARXL44	0	0.00023053
AT2G36580	A0A090BHJ0	0	0.00016273
AT2G42975	HARXL45_WACO9	0	0.00016664
AT4G02550	M4BYC3	0	0.00016384
AT2G30500	M4BQV8	0	0.00017488
AT1G27840	A0A090BHG0	0	0.00064305
AT2G30760	A0A090B8Q7	0	0.00016684
AT1G33410	A0A090BBM9	0	0.00018644
AT5G54062	HARXL62	0	0.00016521
AT3G47030	A0A090C2P4	0	0.00016689
AT5G42620	M4BM35	0	0.00016458
AT1G76100	A0A090BHJ0	0	0.00041597
AT2G30350	M4BUL7	0	0.00016289
AT4G36970	A0A090C2W1	0	0.0001637
AT5G37510	M4BQV8	0	0.00016334
AT4G00026	A0A090C2U8	0	0.00017993
AT3G04650	A0A090BFT0	0	0.0001638
AT3G05220	M4BWJ0	0	0.00016317
AT5G03770	M4BS62	0	0.00016868
AT4G28640	A0A090B8T8	0	0.00020988
AT5G41090	AAX51202	0	0.00017267
AT1G03960	A0A090B8N8	0	0.00016356
AT3G11250	A0A090BH65	0	0.00016296
AT1G27600	M4BVK3	0	0.00016396
AT4G26055	A0A090BF51	0	0.00018488
AT3G51190	M4BUL7	0	0.00016437
AT5G22780	A0A090C2T4	0	0.00016623
AT4G07960	A0A090BHJ0	0	0.00016364
AT4G36460	A0A090C2S1	0	0.00016421
AT4G28706	M4BS62	0	0.00016349
AT5G49660	M4BF35	0	0.00030203
AT5G53900	HARXL45_WACO9	0	0.0001632
AT5G62430	A0A090B8G5	0	0.0001645
AT5G56950	F6MF03	0	0.00020694
AT2G17570	G3C9P5	0	0.00016551
AT4G26190	AAX51202	0	0.00016267
AT5G13700	A0A090C2T4	0	0.00016365
AT2G44510	A0A090BBA9	0	0.00016338
AT2G38750	A0A090C2Q5	0	0.00016274
AT1G03960	A0A090BBD0	0	0.0001636
AT2G34020	M4BQV8	0	0.00016392
AT5G61100	A0A090BBB3	0	0.00016345
AT4G06536	M4BAV3	0	0.00016488
AT1G53705	A0A090BHG5	0	0.00016949
AT3G51140	HARXLL429	0	0.00016409
AT3G11820	A0A090BFF0	0	0.00016375
AT3G22250	M4C2S2	0	0.00016313
AT4G37380	HARXL47_A	0	0.00016363
AT1G12260	HARXL65	0	0.00017452
AT5G17640	A0A090BBD0	0	0.00016525
AT5G40340	A0A090BH65	0	0.00016315
AT1G29310	M4BQV8	0	0.00016312
AT5G46000	HARXLL437	0	0.00016537
AT1G69720	A0A090B8G5	0	0.00022636
AT5G40155	HARXL73	0	0.00016465
AT3G47510	M4C6Q5	0	0.00016449
AT3G47250	A0A090B8V6	0	0.00016314
AT1G19460	AAX51204	0	0.00016413
AT5G58575	A0A090BBD0	0	0.0001624
AT5G03510	AAX51204	0	0.00016272
AT1G76710	M4BMD0	0	0.00016374
AT3G24600	M4C2S2	0	0.00018682
AT4G23090	A0A090BH16	0	0.00016357
AT4G22930	A0A090C2T4	0	0.00016589
AT1G48370	A0A090BFT0	0	0.00016405
AT2G33000	HARXL73	0	0.00018912
AT3G27960	A0A090B8Q7	0	0.00016595
AT5G20520	HARXL45_WACO9	0	0.00028111
AT3G22183	M4C6Q5	0	0.00016491
AT5G41680	A0A090BHE7	0	0.00045886
AT2G44510	HaRxL147	0	0.00016443
AT4G01410	HARXL44	0	0.00023797
AT1G13605	M4BM35	0	0.00016446
AT1G05600	M4BZ57	0	0.00016296
AT3G17365	HARXL62	0	0.0001633
AT3G44720	A0A090C2S1	0	0.00017813
AT1G45545	M4BVK3	0	0.00016569
AT4G32730	M4C2S2	0	0.0001629
AT4G10595	A0A090BHB5	0	0.00017378
AT3G31402	A0A090B8T8	0	0.00016395
AT3G61530	M4BMD0	0	0.00016538
AT1G03410	A0A090B857	0	0.00016398
AT5G56250	A0A090BF44	0	0.00016264
AT1G76850	A0A090BHJ0	0	0.00016266
AT3G46790	M4BS62	0	0.00016386
AT5G56510	HARXL18	0	0.00016467
AT3G09490	M4BWJ0	0	0.00016345
ATCG00660	M4BIR1	0	0.00016466
AT1G05320	A0A090BFV7	0	0.00016647
AT1G21620	M4BZ57	0	0.00016345
AT3G09450	A0A090BF44	0	0.0001635
AT2G44330	M4BAV3	0	0.00016342
AT1G25490	A0A090C2P4	0	0.00064715
AT1G52260	A0A090C2W1	0	0.00016763
AT2G20635	A0A090BBZ9	0	0.00016462
AT2G39855	A0A090BHJ0	0	0.00016296
AT4G36990	A0A090C2Q7	0	0.00016507
AT5G45090	A0A090BFT0	0	0.00018314
AT3G11945	G3C9P5	0	0.00016351
AT5G63480	A0A090BF22	0	0.00016273
AT5G04550	M4BA83	0	0.00016312
AT4G04745	A0A090BHG5	0	0.00016447
AT1G33400	M4BM35	0	0.00016381
AT1G09700	A0A090B857	0	0.00016472
AT4G13590	M4BS62	0	0.00016374
AT3G50240	A0A090B8T8	0	0.00022136
AT4G08940	M4BQV8	0	0.00016433
AT4G24500	A0A090BBA9	0	0.00016239
AT5G08190	G3C9M2	0	0.00016546
AT1G65113	M4C3I0	0	0.00017023
AT4G19920	A0A090C2V2	0	0.00016328
AT5G62440	AAX51202	0	0.00016333
AT1G11900	M4BF35	0	0.00016377
AT5G17870	HARXLCRN15	0	0.00016302
AT4G09880	A0A090C2P4	0	0.00016912
AT3G21450	F6MF03	0	0.00016449
AT1G57540	A0A090C2T4	0	0.00019976
AT3G21650	ATR13_WACO5	0	0.00016239
AT4G20310	HARXLL73	0	0.00017463
AT1G27390	M4BS62	0	0.00016325
AT2G15327	M4BA83	0	0.00016339
AT2G17950	A0A090B8Z8	0	0.00016429
AT1G18950	A0A090BH65	0	0.00016272
AT2G28700	M4BZ57	0	0.00016325
AT1G56418	A0A090BHE7	0	0.00017315
AT1G31070	M4BA83	0	0.00016282
AT4G21860	A0A090C2T2	0	0.00016636
AT4G27860	A0A090C2U8	0	0.00016411
AT3G48530	A0A090B8G5	0	0.00017084
AT3G43160	HARXL18	0	0.0001636
AT2G31410	A0A090BF44	0	0.00016382
AT5G02640	M4BZU9	0	0.00016295
AT3G19895	A0A090BHJ3	0	0.00016348
AT1G77280	HARXL62	0	0.00022773
AT3G60480	HARXL45_WACO9	0	0.00016282
AT5G55160	A0A090BEW7	0	0.00017292
AT4G21895	M4BIR1	0	0.00016292
AT3G47400	M4B9M9	0	0.00018255
AT4G11340	A0A090B8N0	0	0.00016456
AT1G67290	HARXL16	0	0.0001642
AT1G07660	M4BA83	0	0.00016408
AT1G66980	A0A090BHE7	0	0.0001658
AT1G07180	HARXL16	0	0.00016347
AT5G48350	A0A090BH65	0	0.00016379
AT2G35140	A0A090B857	0	0.00016413
AT1G28020	M4BVT8	0	0.00016506
AT2G40180	M4BIR2	0	0.00027389
AT3G19700	A0A090BHG5	0	0.00033418
AT5G24030	A0A090C2N6	0	0.00016337
AT3G47980	M4BS62	0	0.00016332
AT2G31862	M4BVK3	0	0.00016434
AT1G30550	A0A090B8U7	0	0.00016316
AT5G59380	M4C3I0	0	0.00016929
AT5G01760	M4BUL7	0	0.00016303
AT4G00525	A0A090BFV7	0	0.0001651
AT3G07810	A0A090BFF6	0	0.0001793
AT5G66480	A0A090C2P4	0	0.00016716
AT4G34520	AAX51202	0	0.00016407
AT1G63430	AAX51204	0	0.00016435
AT4G08950	G3C9P7	0	0.00016982
AT1G77030	A0A090BFF0	0	0.00018057
AT4G37460	HARXL18	0	0.00016398
AT2G25100	A0A090BBA9	0	0.00016453
AT5G51730	M4C2S2	0	0.00016333
AT3G29152	A0A090B8Q7	0	0.0002151
AT4G37650	A0A090BF51	0	0.00016318
AT5G15880	G3C9M2	0	0.00017484
AT2G45660	A0A090BFF0	0	0.00018359
AT1G75240	M4C2S2	0	0.00016247
AT5G60830	A0A090BBH9	0	0.00016496
AT5G20170	HARXL73	0	0.00016345
AT5G49050	HARXL65	0	0.00016343
AT1G63980	F6MF03	0	0.00016286
AT2G20360	A0A090BH16	0	0.00016321
AT2G22250	M4BVT8	0	0.00046753
AT2G42070	A0A090BBM9	0	0.00016908
AT2G22140	A0A090BHE7	0	0.00016298
AT3G07910	A0A090B8Q7	0	0.00016448
AT5G39570	M4C6Q5	0	0.00016428
AT1G72310	A0A090BBH9	0	0.00016338
AT1G28420	A0A090C2U8	0	0.00016539
AT2G44525	A0A090BFF0	0	0.00017167
AT1G42960	M4B6E5	0	0.00016342
AT5G18260	M4BA83	0	0.00016283
AT3G05330	M4BIR1	0	0.0001634
AT2G37330	A0A090C2V2	0	0.00016361
AT3G51580	A0A090BHB5	0	0.00017936
AT4G29580	A0A090BFM8	0	0.0001652
AT3G21200	ATR13_EMOY2	0	0.00019085
AT4G26460	HARXL47_A	0	0.0001712
AT5G01960	A0A090BHB5	0	0.00016429
AT1G20770	A0A090B8Z8	0	0.00016414
AT2G33400	HARXL47_A	0	0.0001629
AT1G01990	A0A090BF51	0	0.00016489
AT3G49870	A0A090BHE7	0	0.0001639
AT5G37570	A0A090B8U7	0	0.00016339
AT5G56100	M4C004	0	0.00016336
AT1G17970	A0A090BEW7	0	0.00016312
AT1G78230	A0A090BFM8	0	0.00020928
AT5G57990	A0A090B8V6	0	0.00016449
AT1G68430	ATR13_MAKS9	0	0.0056447
AT2G40790	A0A090C2Q7	0	0.9504
AT2G14365	HARXL73	0	0.00016307
AT2G01918	A0A090B857	0	0.0001638
AT1G16000	A0A343JGW8	0	0.00018999
AT2G12290	A0A343JGY2	0	0.00016347
AT5G12130	A0A343JGX2	0	0.00029952
AT1G61350	A0A343JGZ7	0	0.00017246
AT2G04890	A0A343JGY2	0	0.00016336
AT3G55650	A0A343JGZ6	0	0.00016371
AT3G11160	A0A8G0XJW8	0	0.00026509
AT1G49120	A0A8G0XJW8	0	0.00018335
AT2G41500	A0A2L0WUE9	0	0.00016599
AT4G18800	A0A2L0WUE9	0	0.94489
AT2G40180	A0A2L0WUE0	0	0.00019129
AT5G50430	A0A2L0WUE9	0	0.00019909
AT4G29090	A0A2L0WUE9	0	0.00016386
AT2G21680	A0A2L0WUE0	0	0.0001688
AT3G53010	A0A7G8FQJ5	0	0.00016859
AT1G14730	A0A7G8FQJ5	0	0.00019541
AT2G44000	A0A7G8FQJ5	0	0.00017246
AT5G49480	A0A2L0WUE9	0	0.00016405
AT1G64850	A0A7G8FQJ5	0	0.00016377
AT5G55010	A0A7G8FQJ5	0	0.00016431
AT2G01190	A0A7G8FQJ5	0	0.00016279
AT1G02270	A0A7G8FQJ5	0	0.00017273
AT5G02430	A0A2L0WUE0	0	0.0016733
AT1G19670	A0A2L0WUE0	0	0.00016369
AT4G32470	A0A7G8FQJ5	0	0.00016662
AT4G02480	A0A7G8FQJ5	0	0.00016395
AT3G03990	A0A2L0WUE9	0	0.00016317
AT5G42770	A0A2L0WUE9	0	0.00016511
AT4G17990	A0A2L0WUE9	0	0.00017182
AT2G40030	A0A7G8FQJ5	0	0.00016403
AT3G21352	A0A2L0WUE0	0	0.00017077
AT2G39725	A0A2L0WUE0	0	0.0001646
AT3G46830	A0A2L0WUE9	0	0.86843
AT4G05010	A0A7G8FQJ5	0	0.00016351
AT2G14810	A0A2L0WUE0	0	0.0001658
AT1G06400	A0A7G8FQJ5	0	0.80568
AT3G49796	A0A7G8FQJ5	0	0.00016451
AT5G65750	A0A2L0WUE0	0	0.00016357
AT3G27640	A0A7G8FQJ5	0	0.00075023
AT5G60860	A0A2L0WUE0	0	0.9472
AT4G31960	A0A2L0WUE9	0	0.00016327
AT1G67130	A0A7G8FQJ5	0	0.00016458
AT2G05520	A0A2L0WUE0	0	0.00016892
AT5G45540	A0A2L0WUE0	0	0.0001645
AT2G42200	A0A2L0WUE9	0	0.00016244
AT5G48920	A0A2L0WUE9	0	0.00016389
AT5G17430	A0A2L0WUE0	0	0.00016322
AT3G12490	D0P4W6	0	0.00016955
AT5G05800	G4ZYW5	0	0.00016382
AT1G22040	A0A8E1R4N9	0	0.00016424
AT5G45800	A0A8E1R4N9	0	0.00016713
AT5G60800	A0A8E1R6E7	0	0.00016518
AT4G13220	A0A3M6HHH8	0	0.00016327
AT5G02200	A0A8E1R7R6	0	0.00016292
AT1G78915	A0A3M4XZ23	0	0.00016458
AT4G18520	A0A3M6GZF0	0	0.00016364
AT2G13570	A0A830UG35	0	0.000165
AT1G35680	A0A3M6GZF0	0	0.00018362
AT1G48500	A0A3M6GZF0	0	0.00016257
AT1G72450	A0A830UG35	0	0.00016583
AT4G12005	A0A830UG35	0	0.00016362
AT4G01020	A0A3M6GZF0	0	0.00017296
AT2G36560	A0A8E1R4K8	0	0.00017681
AT3G13700	A0A8E1R7R6	0	0.00022833
AT5G15580	A0A8E1R299	0	0.0001657
AT1G14205	A0A8E1R7R6	0	0.00016407
AT4G27652	A0A8E1R6E7	0	0.00016329
AT4G03400	A0A830UG35	0	0.00016312
AT2G38340	A0A8E1R299	0	0.00017847
AT5G38600	A0A8E1R7R6	0	0.00016331
AT5G56130	A0A3M6GZF0	0	0.0014439
AT1G48500	A0A830UG35	0	0.00019345
AT2G46490	A0A3M6HHH8	0	0.00016291
AT5G37290	A0A8E1R299	0	0.00018938
AT3G04910	A0A8E1R4K8	0	0.00018371
AT5G09390	A0A8E1R299	0	0.00016603
AT3G04340	A0A8E1R7R6	0	0.0001631
AT5G62190	A0A8E1R7R6	0	0.0001634
AT1G14300	A0A3M4XZ23	0	0.00016544
AT3G49370	HopAB1_Psy_B728A	0	0.00016471
AT1G52680	ABK13722	0	0.00017817
AT3G06860	A0A0Q0BE93	0	0.00016315
AT5G24010	Q9L6W7	0	0.00020747
AT2G20362	AAR02168	0	0.00017277
ATCG00670	A0A0Q0C0B3	0	0.00017406
AT4G13100	ABK13722	0	0.00016431
AT1G27720	Q7PC62	0	0.00016281
AT1G69680	AAO54046	0	0.00017133
AT5G22790	A0A3M5Z250	0	0.00016469
AT1G14270	NP_791204	0	0.0001642
AT1G14120	AAL84239	0	0.00016533
AT1G55890	A0A0Q0BE93	0	0.00016279
AT1G25440	A0A0Q0C0B3	0	0.00016633
AT5G57360	ADQ74895	0	0.059415
AT5G32590	A0A5E9N7C8	0	0.014333
AT1G63020	A0A0Q0BE93	0	0.00016511
AT1G10980	AAO58160	0	0.0001898
AT1G77030	A0A5E9N7C8	0	0.00019188
AT3G21170	AvrRps4_Pph_1448A	0	0.00016317
AT5G30341	AAR02168	0	0.00016633
AT4G25315	AAO54440	0	0.00016389
AT4G39675	Q9L6W7	0	0.00016588
AT4G27520	Q9L6W7	0	0.00018341
AT5G01980	AAR02168	0	0.00016269
AT3G44780	A0A0Q0BU90	0	0.00016887
AT5G20030	A0A0Q0BU90	0	0.00017698
AT5G41680	HopZ3_Paf_DSM5025	0	0.00018379
AT2G31040	AvrB2_Pgy_R0	0	0.00016296
AT3G27860	AvrB2_Pgy_R0	0	0.00016406
AT3G53630	PWD01014	0	0.00017122
AT1G11760	AvrB2_Pph_1448A	0	0.00016303
AT5G22260	Q7PC45	0	0.00016781
AT2G30500	AAO54440	0	0.00017091
AT5G01030	HopF3_Pph_1448A	0	0.00016351
AT2G17210	Q7PC62	0	0.00016322
AT5G40280	Q7PC62	0	0.00016286
AT4G16566	A0A0Q0BU90	0	0.00016836
AT5G54090	A0A0Q0BU90	0	0.00016769
AT5G63980	AvrB2_Pgy_R0	0	0.000208
AT5G58130	AAO58163	0	0.00016308
AT1G53000	AAR02168	0	0.0001644
AT3G05830	HopF3_Pph_1448A	0	0.00017133
AT4G04990	Q9L6W7	0	0.00016696
AT5G60410	AAO54440	0	0.00016442
AT2G29630	AAO54046	0	0.00022969
AT2G41450	ABK13722	0	0.00016391
AT1G23890	AAO58163	0	0.00018624
AT2G36870	HopA1_Pto_DC3000	0	0.00017452
AT5G08190	Q9L6W7	0	0.00016715
AT3G48540	AAO58160	0	0.00026756
AT4G17740	HopC1_Pto_DC3000	0	0.00016389
AT1G32415	A0A0Q0BU90	0	0.00016358
AT5G20200	AAL84239	0	0.00016275
AT2G07701	AAL84239	0	0.00016325
AT5G01300	A0A0Q0D423	0	0.00024481
AT5G18540	ABK13722	0	0.0001628
AT4G36390	HopAT1_Pph_1448A	0	0.00016922
AT5G37610	AAO54046	0	0.00016413
AT5G07340	HopAT1_Pph_1448A	0	0.00016594
AT2G31290	AvrB2_Pgy_R0	0	0.00016384
AT3G45443	HopF3_Pph_1448A	0	0.00016489
AT5G26090	AAB51082	0	0.00016324
AT1G14790	HopAT1_Pph_1448A	0	0.00016345
AT5G42800	HopAR1_Pph_1302A	0	0.00016361
AT1G06220	ADQ74895	0	0.00016861
AT1G42190	Q9L6W7	0	0.00016467
AT2G39120	AAO58163	0	0.00016294
AT2G42860	A0A0Q0C0B3	0	0.00016274
AT4G26170	NP_791204	0	0.00016347
AT2G17442	Q7PC62	0	0.00016286
AT1G30814	A0A5E9N7C8	0	0.00088797
AT2G38280	HopA1_Pto_DC3000	0	0.00016323
AT2G05630	Q7PC45	0	0.00029212
AT2G33010	A0A5E9N7C8	0	0.00042824
AT4G10080	Q48Q39	0	0.00018002
AT5G28450	AAO54440	0	0.00016509
AT5G52400	AAB51082	0	0.00016317
AT2G37410	ADQ74895	0	0.00016305
AT3G58770	AvrB2_Pph_1448A	0	0.00016275
AT5G04110	A0A0Q0BE93	0	0.00016444
AT1G75340	AvrB2_Pph_1448A	0	0.00016242
AT4G22115	ADQ74895	0	0.00016489
AT3G21730	HopC1_Pto_DC3000	0	0.00016565
AT3G28370	AvrB2_Pph_1448A	0	0.00017064
AT3G09690	HopAR1_Pph_1302A	0	0.00016498
AT1G48990	A0A0Q0BE93	0	0.00016258
AT1G68440	A0A0Q0BE93	0	0.00016259
AT3G55410	A0A5E9N7C8	0	0.00026683
AT1G31480	HopA1_Pto_DC3000	0	0.00016408
AT1G52950	A0A2R3F5Q2	0	0.00016898
AT3G55830	ABK13722	0	0.00016323
AT2G32290	A0A3M5YD28	0	0.00016304
AT4G40020	ADQ74895	0	0.00016511
AT5G25040	A0A3M5Z250	0	0.00016363
AT1G23870	A0A0Q0C3Y5	0	0.00016284
AT4G26120	AAB51082	0	0.00016287
AT4G21770	Q48Q39	0	0.00016415
AT2G31425	HopAT1_Pph_1448A	0	0.00016353
AT5G52710	A0A0Q0C3Y5	0	0.000163
AT5G65090	HopF3_Pph_1448A	0	0.00016431
AT5G66340	A0A0Q0C3Y5	0	0.00016403
AT2G16530	PWD01014	0	0.0001637
AT3G51780	AAB51082	0	0.00037277
AT1G08980	A0A5E9N7C8	0	0.00029866
AT3G15180	HopAR1_Pph_1302A	0	0.00016466
AT1G47578	AAL84239	0	0.00016566
AT3G42800	ABK13722	0	0.0001635
AT5G22650	AAR02168	0	0.00018042
AT2G22120	AvrB2_Pgy_R0	0	0.00016321
AT5G24480	Q48Q39	0	0.00016411
AT4G26640	A0A3M5YD28	0	0.00025421
AT3G10490	A0A0Q0D423	0	0.00022714
AT1G26460	A0A3M5Z250	0	0.00016332
AT3G56290	Q7PC62	0	0.00016302
AT1G04610	PWD01014	0	0.00016508
AT1G60010	Q7PC45	0	0.00018271
AT4G26090	AvrB2_Pph_1448A	0	0.00017873
AT4G14080	AAR02168	0	0.00016272
AT2G22540	PWD01014	0	0.0002171
AT2G26930	HopAR1_Pph_1302A	0	0.00016946
AT5G61330	A0A5E9N7C8	0	0.00032755
AT3G54670	AAL84239	0	0.00017624
AT1G16970	A0A3M5YD28	0	0.00016299
AT1G51740	A0A0Q0C3Y5	0	0.00016283
AT5G62780	Q48Q39	0	0.00016301
AT1G57800	HopAB1_Psy_B728A	0	0.00016399
AT2G23670	A0A0Q0BU90	0	0.00016389
AT1G13220	A0A0Q0D423	0	0.00018341
AT3G04310	A0A5E9N7C8	0	0.00016659
AT3G51320	HopF3_Pph_1448A	0	0.0001638
AT5G40670	HopZ3_Paf_DSM5025	0	0.00016339
AT5G46915	NP_791204	0	0.00016724
AT5G47040	PWD01014	0	0.00018153
AT1G18090	A0A0Q0C0B3	0	0.00017042
AT2G33450	HopZ3_Paf_DSM5025	0	0.00016881
AT5G60710	Q7PC45	0	0.00016813
AT2G34680	PWD01014	0	0.00016488
AT1G80900	HopZ3_Paf_DSM5025	0	0.00019672
AT4G38100	A0A3M5YD28	0	0.00017562
AT3G13960	A0A0Q0C0B3	0	0.00022227
AT1G22180	HopC1_Pto_DC3000	0	0.00016442
AT1G74900	AAL71883	0	0.00016327
AT3G02530	PWD01014	0	0.00017532
AT3G52090	A0A0Q0C0B3	0	0.00020094
AT3G66652	Q48Q39	0	0.00016314
AT5G35160	A0A2R3F5Q2	0	0.00016344
AT2G44730	A0A0Q0BU90	0	0.00016283
AT2G43620	AAR02168	0	0.00017324
AT3G49140	AAL84239	0	0.00016344
AT4G04750	A0A3M5Z250	0	0.00016367
AT1G62975	A0A0Q0C0B3	0	0.0001749
AT3G48930	A0A5E9MMC8	0	0.00016545
AT2G31850	AvrRps4_Pph_1448A	0	0.00016793
AT1G03990	AvrB2_Pgy_R0	0	0.00016326
AT1G21830	ABK13722	0	0.00016367
AT2G29590	AAL71883	0	0.001475
AT4G32551	NP_791204	0	0.00054662
AT4G39820	AAO58160	0	0.0001641
AT1G75010	HopA1_Pto_DC3000	0	0.00016598
AT2G34315	AvrRps4_Pph_1448A	0	0.00017891
AT4G02270	HopA1_Pto_DC3000	0	0.00052873
AT3G16050	A0A3M5Z250	0	0.00020059
AT1G28007	A0A0Q0D423	0	0.00017348
AT1G26340	A0A0Q0BU90	0	0.00033291
AT1G70600	Q48Q39	0	0.00016541
AT1G31140	HopC1_Pto_DC3000	0	0.00017486
AT1G50730	ABK13722	0	0.00016395
AT5G48960	HopZ3_Paf_DSM5025	0	0.00017122
AT1G22470	AAL84239	0	0.00016263
AT4G10595	AAO54046	0	0.00016512
AT3G28730	Q48Q39	0	0.00016725
AT3G57890	HopF3_Pph_1448A	0	0.00016318
AT2G42310	A0A0Q0D423	0	0.00016363
AT5G03415	HopC1_Pto_DC3000	0	0.00016588
AT1G36272	AvrB2_Pgy_R0	0	0.00016848
AT5G08420	A0A0Q0C0B3	0	0.000179
AT5G38380	A0A0Q0BE93	0	0.00016294
AT4G35335	HopA1_Pto_DC3000	0	0.00016361
AT3G06810	HopAR1_Pph_1302A	0	0.00016486
AT5G35630	Q7PC45	0	0.00017871
AT1G23145	HopAR1_Pph_1302A	0	0.00016481
AT2G43290	A0A3M5YD28	0	0.00016346
AT2G33770	A0A2R3F5Q2	0	0.00017791
AT1G72450	A0A0Q0C0B3	0	0.00017062
AT5G10700	A0A0Q0BU90	0	0.00018303
AT4G10280	A0A0Q0BE93	0	0.00016301
AT4G35100	A0A0Q0D423	0	0.00019609
AT3G06090	A0A3M5YD28	0	0.00016368
AT2G05830	HopF3_Pph_1448A	0	0.0001875
AT3G17860	A0A2R3F5Q2	0	0.00017346
AT4G14480	HopAB1_Psy_B728A	0	0.00016501
AT2G45900	A0A5E9N7C8	0	0.00018147
AT5G33393	AAL71883	0	0.00016339
ATCG00050	PWD01014	0	0.00017356
AT4G31875	AvrB2_Pph_1448A	0	0.00016446
AT3G12012	AAL71883	0	0.00016555
AT1G26230	Q7PC45	0	0.00018209
AT1G28305	A0A5E9N7C8	0	0.00029076
AT2G03320	AAO54046	0	0.00016549
AT5G05330	HopC1_Pto_DC3000	0	0.00016343
AT5G58575	AvrB2_Pgy_R0	0	0.00016255
AT3G05030	Q7PC62	0	0.00016314
AT5G06250	A0A3M5YD28	0	0.00018211
AT1G65032	HopAB1_Psy_B728A	0	0.00017296
AT3G51580	AvrB2_Pgy_R0	0	0.00018286
AT2G27230	ABK13722	0	0.00016661
AT2G25660	AAO58163	0	0.00016309
AT3G08020	AvrB2_Pph_1448A	0	0.00016653
ATMG00840	HopC1_Pto_DC3000	0	0.00017188
AT1G29800	A0A2R3F5Q2	0	0.00017745
AT3G47130	AvrRps4_Pph_1448A	0	0.00017327
AT3G56690	A0A0Q0C0B3	0	0.0001754
AT5G16810	AAL84239	0	0.00016326
AT3G10750	AAL71883	0	0.00016273
AT1G32200	Q7PC45	0	0.00016507
ATCG01100	NP_791204	0	0.00016405
AT1G77570	AAL71883	0	0.00016449
AT1G14440	NP_791204	0	0.00016281
AT1G69100	HopC1_Pto_DC3000	0	0.00017938
AT4G00950	Q48Q39	0	0.0001627
AT5G24314	AAO58163	0	0.00016813
AT3G08980	Q48Q39	0	0.00018249
AT3G24270	A0A2R3F5Q2	0	0.00016388
AT5G09940	AvrB2_Pph_1448A	0	0.0001629
AT4G31680	AvrB2_Pgy_R0	0	0.00018664
AT5G57060	AAO54046	0	0.000168
ATMG01120	A0A0Q0C0B3	0	0.00016336
AT3G49590	A0A5E9MMC8	0	0.00016448
AT4G16200	A0A0Q0BE93	0	0.0001625
AT2G44710	A0A0Q0C0B3	0	0.00016287
AT2G36650	HopC1_Pto_DC3000	0	0.00016709
AT2G07815	NP_791204	0	0.00016425
AT3G12200	ABK13722	0	0.00016425
AT3G55060	A0A0Q0C0B3	0	0.00024559
AT1G24706	Q7PC45	0	0.0001701
AT5G47580	Q7PC62	0	0.00016302
AT5G50410	AvrB2_Pgy_R0	0	0.00016332
AT4G27030	AvrRps4_Pph_1448A	0	0.00016278
AT5G45960	A0A0Q0D423	0	0.00016328
AT2G01170	AvrB2_Pgy_R0	0	0.00016315
AT3G26115	A0A3M5YD28	0	0.00016287
AT3G10870	AAR02168	0	0.00016323
AT2G19480	HopAT1_Pph_1448A	0	0.00077495
AT4G17710	A0A0Q0C3Y5	0	0.000165
AT4G02070	HopA1_Pto_DC3000	0	0.0001669
AT1G50600	A0A0Q0C0B3	0	0.00016311
AT2G05335	A0A3M5Z250	0	0.00018421
AT5G62270	AAO54046	0	0.00016363
AT3G31950	Q7PC45	0	0.00016822
AT2G20320	A0A5E9N7C8	0	0.00019352
ATMG00820	ADQ74895	0	0.00016588
AT1G31660	HopZ3_Paf_DSM5025	0	0.00016331
AT1G79650	A0A3M5YD28	0	0.00024216
AT5G21920	HopF3_Pph_1448A	0	0.0001634
AT3G01950	A0A3M5YD28	0	0.00016289
AT2G22840	Q7PC45	0	0.00016769
AT1G52510	AvrRps4_Pph_1448A	0	0.00024796
AT5G14290	Q7PC62	0	0.00016318
AT1G32340	AAO54046	0	0.00016368
AT1G06680	NP_791204	0	0.00017287
AT2G19360	A0A0Q0C0B3	0	0.0001738
AT1G80600	A0A5E9MMC8	0	0.00016429
AT5G01080	A0A2R3F5Q2	0	0.00016344
AT3G13370	NP_791204	0	0.00016366
AT3G63020	AAO58160	0	0.00043075
AT2G24530	Q48Q39	0	0.00016311
AT1G80150	AAR02168	0	0.00016283
AT1G18680	AvrB2_Pgy_R0	0	0.00016795
AT1G08280	A0A2R3F5Q2	0	0.00016319
AT1G79080	HopAT1_Pph_1448A	0	0.00016329
AT2G36960	ABK13722	0	0.0001666
AT1G27420	AvrB2_Pgy_R0	0	0.00016588
AT4G16400	AAO54046	0	0.00016486
AT5G27650	A0A0Q0C0B3	0	0.00018455
AT2G12550	AAO54440	0	0.00016621
AT1G56550	A0A0Q0C3Y5	0	0.00016302
AT2G26270	A0A0Q0D423	0	0.00016333
AT1G33860	ADQ74895	0	0.00016554
AT1G43680	AAL84239	0	0.00016397
AT1G68185	AvrRps4_Pph_1448A	0	0.00019455
AT3G54220	HopZ3_Paf_DSM5025	0	0.00017033
AT3G02390	Q9L6W7	0	0.00016824
AT2G26135	Q7PC62	0	0.00016283
AT3G11620	AvrB2_Pgy_R0	0	0.0001631
AT4G00905	AAO54046	0	0.00016527
AT5G01730	A0A5E9N7C8	0	0.00021815
AT3G36659	Q48Q39	0	0.00016414
AT3G17520	A0A0Q0C0B3	0	0.00016342
AT4G00800	A0A2R3F5Q2	0	0.00017701
AT5G41770	AvrRps4_Pph_1448A	0	0.0001633
AT1G31780	AAR02168	0	0.0001648
AT3G48120	HopZ3_Paf_DSM5025	0	0.00081399
AT2G46510	Q7PC45	0	0.00018208
AT3G02090	ABK13722	0	0.00016867
AT1G79480	AAO58160	0	0.00017049
AT2G36724	A0A3M5YD28	0	0.00016345
AT5G57480	HopAR1_Pph_1302A	0	0.00016495
AT1G15385	AAB51082	0	0.00020931
AT2G46970	PWD01014	0	0.00016278
AT5G02320	AAO54046	0	0.00016463
AT2G19970	HopAR1_Pph_1302A	0	0.00025021
AT2G45690	A0A5E9N7C8	0	0.00017382
AT5G25600	A0A5E9N7C8	0	0.00017825
AT5G04710	HopA1_Pto_DC3000	0	0.00016687
AT2G16930	AAL84239	0	0.00016451
AT1G69526	AAO54046	0	0.00016343
AT3G07090	AAO58163	0	0.00016353
AT1G26340	A0A0Q0C0B3	0	0.0016898
AT3G59070	AAO54046	0	0.00018131
AT2G35940	Q9L6W7	0	0.00016276
AT5G10820	ABK13722	0	0.00016347
AT1G43790	PWD01014	0	0.0001812
AT1G20070	HopAB1_Psy_B728A	0	0.0001625
AT1G71990	A0A0Q0BE93	0	0.00016261
AT1G27410	AAL71883	0	0.00016292
AT3G21650	NP_791204	0	0.00016335
AT2G18090	ADQ74895	0	0.00016388
AT2G35940	Q48Q39	0	0.00019418
AT3G49510	AAO58160	0	0.00025511
AT3G54340	HopAB1_Psy_B728A	0	0.00017521
AT4G16990	HopAT1_Pph_1448A	0	0.00016352
AT1G45248	HopAR1_Pph_1302A	0	0.00016634
AT3G56430	Q9L6W7	0	0.00017028
AT4G12130	A0A3M5Z250	0	0.00016751
AT2G32430	HopA1_Pto_DC3000	0	0.00016401
AT5G08120	AAR02168	0	0.00017892
AT2G17055	HopAB1_Psy_B728A	0	0.00016307
AT4G21400	HopC1_Pto_DC3000	0	0.00023451
AT3G04950	AAB51082	0	0.00017723
AT2G17570	A0A5E9N7C8	0	0.00022943
AT5G42825	A0A3M5YD28	0	0.00016355
AT1G78910	Q48Q39	0	0.0001647
AT5G42620	AAR02168	0	0.00016575
AT3G04310	AAR02168	0	0.00016291
AT1G31070	AAO54440	0	0.00016319
AT5G25800	AAO54440	0	0.00016558
ATCG00470	AvrB2_Pph_1448A	0	0.00038637
AT1G73340	HopAB1_Psy_B728A	0	0.00016348
AT4G34570	A0A0Q0C0B3	0	0.0001714
AT3G17340	A0A0Q0D423	0	0.00016273
AT5G58575	HopAR1_Pph_1302A	0	0.00016572
AT3G59780	AAO54440	0	0.00016565
AT5G20030	Q48Q39	0	0.00020282
AT5G58630	HopC1_Pto_DC3000	0	0.00016281
AT5G54850	AAO54046	0	0.000166
AT1G07780	AvrB2_Pph_1448A	0	0.00016444
AT3G49570	A0A0Q0C3Y5	0	0.00016393
AT4G17810	AvrB2_Pgy_R0	0	0.00016258
AT1G23201	A0A0Q0C3Y5	0	0.00016439
AT3G42155	HopAR1_Pph_1302A	0	0.00016714
AT2G36050	A0A0Q0BU90	0	0.00016313
AT3G55880	AAO54046	0	0.00016379
AT4G01570	AvrB2_Pph_1448A	0	0.00016322
AT4G00695	A0A2R3F5Q2	0	0.00016776
AT3G17540	Q7PC62	0	0.00016371
AT5G28463	A0A0Q0C3Y5	0	0.00016361
AT1G75560	A0A5E9N7C8	0	0.0086642
AT2G29180	AAO58163	0	0.00016317
AT5G61410	A0A3M5YD28	0	0.00016993
AT1G78995	A0A0Q0BU90	0	0.00016588
AT1G28500	A0A0Q0D423	0	0.00016793
ATCG00470	A0A5E9MMC8	0	0.00016364
AT5G44370	ABK13722	0	0.0001634
AT5G57250	HopA1_Pto_DC3000	0	0.00016324
AT5G48730	HopC1_Pto_DC3000	0	0.0001629
AT1G23780	PWD01014	0	0.00016836
AT3G48208	A0A0Q0BU90	0	0.000164
AT1G34355	PWD01014	0	0.00017027
AT4G01935	AAO58160	0	0.00016351
AT5G04238	A0A0Q0D423	0	0.00016746
AT4G16130	HopA1_Pto_DC3000	0	0.00016917
AT5G55160	A0A3M5Z250	0	0.00026872
AT5G03880	Q7PC45	0	0.00016373
AT3G08580	Q48Q39	0	0.00016426
AT5G26060	A0A5E9N7C8	0	0.00019973
AT3G59380	HopAT1_Pph_1448A	0	0.00016331
AT5G64700	ADQ74895	0	0.00016339
AT3G60940	ADQ74895	0	0.00016957
AT2G33320	AvrB2_Pgy_R0	0	0.00016297
AT3G60660	HopF3_Pph_1448A	0	0.0001694
AT1G67360	HopAT1_Pph_1448A	0	0.0001637
ATMG00580	ADQ74895	0	0.00016393
AT5G05210	AAO58163	0	0.00016252
AT2G30400	HopAT1_Pph_1448A	0	0.0001627
AT2G42240	A0A5E9N7C8	0	0.00037032
AT5G06043	A0A0Q0BU90	0	0.00016519
AT1G71810	HopZ3_Paf_DSM5025	0	0.00016353
AT4G35220	AAO58160	0	0.00018594
AT5G03060	A0A3M5YD28	0	0.00020901
AT5G64820	AvrB2_Pph_1448A	0	0.00016365
AT2G32980	Q9L6W7	0	0.00016623
AT2G03180	A0A5E9N7C8	0	0.00026361
AT4G38470	AvrRps4_Pph_1448A	0	0.00034088
AT5G56780	A0A5E9MMC8	0	0.00016248
AT2G26110	A0A0Q0BU90	0	0.00016307
AT4G21150	A0A3M5Z250	0	0.0001668
AT4G28703	HopAB1_Psy_B728A	0	0.0001687
AT5G43700	A0A5E9MMC8	0	0.0014028
AT1G53940	A0A0Q0C3Y5	0	0.00016309
AT3G24982	Q7PC45	0	0.00016341
AT2G47920	HopC1_Pto_DC3000	0	0.00017448
AT5G02600	Q7PC45	0	0.00019468
AT4G08520	AAO58163	0	0.00016329
AT1G29810	ABK13722	0	0.00016629
AT4G19860	A0A0Q0D423	0	0.00016489
AT5G63640	RSc1386	0	0.00020668
AT4G32090	A0A454TS34	0	0.000262
AT3G57660	A0A454TS34	0	0.00016938
AT5G23520	A0A454TJY5	0	0.00017028
AT5G04730	A0A454TJY5	0	0.0001635
AT2G46550	A0A223GUV0	0	0.00022436
AT5G01920	RSp1212	0	0.00016285
AT5G66330	RSp0572	0	0.00016359
AT1G31840	A0A454TY08	0	0.00016532
AT5G19172	A0A223GUV0	0	0.00017272
AT5G19940	RSp0572	0	0.00019044
AT5G39470	A0A454TY08	0	0.00016363
ATMG01120	A0A454TX48	0	0.0001634
AT5G51440	A0A454TQA3	0	0.7692
AT4G38070	RSp0672	0	0.00016972
AT1G10460	A0A223GPS0	0	0.00018822
AT2G05755	RSp1212	0	0.00016283
AT3G22670	A0A454TLT7	0	0.00016347
AT4G29380	A0A454TLT7	0	0.00035826
AT5G08420	RSp1475	0	0.00016313
AT4G01860	RSp1601	0	0.00028961
AT5G63960	A0A223GPS0	0	0.00017809
AT2G33450	A0A454TX48	0	0.00016566
AT5G26060	RSp1212	0	0.00016284
AT5G28740	A0A223GPS0	0	0.00016342
AT3G18760	A0A454TLT7	0	0.00017543
AT2G25460	A0A223GUV0	0	0.0001655
AT2G21270	RSc3290	0	0.00017203
AT1G02990	RSp0572	0	0.0001626
AT3G60370	RSp0672	0	0.00016309
AT4G01250	A0A454TLT7	0	0.00032606
AT1G05950	RSc1357	0	0.00016526
AT2G37690	RSp0160	0	0.00017271
AT4G39740	A0A454TQA3	0	0.00016393
AT5G48740	A0A454TX48	0	0.00017755
AT1G33475	A0A454TRM6	0	0.00018601
AT3G20330	A0A454TLT7	0	0.00016344
AT5G02710	RSp0572	0	0.00016816
AT5G66590	RSc3290	0	0.00018107
AT4G11653	A0A454TRM6	0	0.00019294
AT3G03200	A0A454TX48	0	0.0003274
AT1G13160	A0A223GUI7	0	0.00017443
AT4G24600	RSp1601	0	0.00021264
AT1G68230	RSc0245	0	0.00016311
AT5G66675	RSp0572	0	0.00016351
AT1G07985	A0A454TLT7	0	0.00023512
AT5G16270	A0A454TJY5	0	0.00016317
AT4G14660	A0A454TLT7	0	0.00021322
AT1G71250	A0A454TV64	0	0.00016419
AT5G01080	RSp1601	0	0.00016376
AT3G18490	A0A454TRM6	0	0.00036825
AT3G13275	A0A454TS34	0	0.00016583
AT4G24580	RSp1601	0	0.00016646
AT5G49510	A0A223GUI7	0	0.00017569
AT5G08190	A0A223GUV0	0	0.0001722
AT5G07950	RSc1357	0	0.00016266
AT3G22790	RSc1357	0	0.00020346
AT2G05500	RSp1212	0	0.00016257
AT4G09490	A0A223GPS0	0	0.00029369
AT2G23348	A0A454TRM6	0	0.0002185
AT3G59280	A0A454TRM6	0	0.00019421
AT1G50300	A0A454TNV6	0	0.00019882
AT2G36270	A0A454TS34	0	0.00016282
AT2G20980	A0A454TLT7	0	0.00017442
AT3G11590	A0A454TV64	0	0.00020852
AT4G34570	A0A454TRL0	0	0.00016389
AT2G38185	A0A454TV64	0	0.00028022
AT5G14950	A0A454TQA3	0	0.0001633
AT3G62900	A0A454TJY5	0	0.00016352
AT1G20140	A0A223GUI7	0	0.2792
AT2G01410	A0A454TV64	0	0.00016484
AT1G47770	RSp0160	0	0.0001705
AT4G28640	A0A454TJY5	0	0.00036291
AT3G56720	A0A454TV64	0	0.00016343
AT4G03490	RSp1601	0	0.00016425
AT3G29290	A0A223GUI7	0	0.00017403
AT1G19250	RSc3290	0	0.00016408
AT5G49830	A0A454TNV6	0	0.00016384
AT1G03110	RSp1212	0	0.00018875
AT1G60590	RSp1212	0	0.00016269
AT2G43260	A0A454TX48	0	0.00016402
AT1G74460	RSc3290	0	0.0001629
AT1G26170	RSp1475	0	0.00016297
AT1G12980	RSp1475	0	0.00016275
AT1G74055	RSc0245	0	0.00016264
AT1G32810	RSc1386	0	0.00016311
AT1G69740	RSp0572	0	0.00016344
AT1G06980	RSp0160	0	0.00016394
AT1G28815	RSp1212	0	0.00016273
AT3G18110	A0A454TQA3	0	0.00016319
AT5G20500	A0A223GUI7	0	0.00029957
AT2G45910	A0A454TQA3	0	0.00034012
AT3G16460	A0A454TJY5	0	0.00020034
AT4G25660	A0A223GUV0	0	0.86243
AT1G62330	A0A454TX48	0	0.00016307
AT2G27180	RSc1357	0	0.00016251
AT5G37760	RSc0245	0	0.00016323
AT4G15417	A0A454TQA3	0	0.0001683
AT1G36756	RSc3290	0	0.00017581
AT1G53470	A0A454TRM6	0	0.0001649
AT2G31850	A0A454TJY5	0	0.00016286
AT3G61740	A0A223GPS0	0	0.00018199
AT3G51750	A0A454TQA3	0	0.0001639
AT4G39190	A0A454TV64	0	0.00016369
AT4G25920	A0A454TS34	0	0.0027452
AT2G24840	A0A454TY08	0	0.00017274
AT2G38300	A0A223GPS0	0	0.00016986
AT5G51110	A0A454TS34	0	0.032084
AT5G67240	A0A454TS34	0	0.0001643
AT1G29700	RSc1386	0	0.00016612
AT1G53470	A0A454TX48	0	0.00016313
AT1G72620	A0A454TJY5	0	0.00016453
AT4G14220	A0A223GUV0	0	0.00016339
AT2G03000	RSp0572	0	0.00016358
AT1G49730	A0A454TLT7	0	0.00021528
AT5G46020	A0A454TJY5	0	0.00016297
AT2G33850	RSp1475	0	0.00016291
AT5G35890	RSc3290	0	0.00016371
AT5G50500	A0A454TNV6	0	0.0001652
AT5G03510	RSc1386	0	0.00016674
AT3G16280	A0A454TLT7	0	0.00016913
AT3G29010	A0A454TY08	0	0.00017829
AT3G18760	A0A454TRM6	0	0.00020588
AT5G15450	RSp0672	0	0.00023315
AT1G32710	A0A454TJY5	0	0.00016562
AT2G38680	A0A454TLT7	0	0.00016628
AT2G15260	A0A454TQA3	0	0.00016327
AT3G25250	RSp1212	0	0.00016348
AT5G21930	RSp1475	0	0.00017595
AT3G16310	A0A454TQA3	0	0.00019586
AT4G14385	A0A454TS34	0	0.00016278
AT4G14110	RSc1386	0	0.00016464
AT1G47270	RSp0572	0	0.00016268
AT5G15300	RSc0245	0	0.00016329
AT1G03250	RSp0572	0	0.00016737
AT4G15560	A0A454TX48	0	0.00016599
AT4G07990	A0A223GUV0	0	0.00016521
AT5G65790	A0A454TNV6	0	0.00016283
AT5G60210	RSc1357	0	0.00018816
AT3G43432	A0A454TY08	0	0.00016607
AT3G18790	RSp1601	0	0.00016341
AT2G19880	A0A223GUI7	0	0.00016819
AT1G18080	A0A454TRM6	0	0.00035741
AT4G18010	A0A454TY08	0	0.00016476
AT1G77630	A0A223GUI7	0	0.00017295
AT5G53620	A0A454TNV6	0	0.00020467
AT2G39190	RSp0672	0	0.00016297
AT1G52300	RSc1357	0	0.00016405
AT3G62450	RSp1212	0	0.00016256
AT2G01860	RSp1212	0	0.00016301
AT4G23870	A0A454TY08	0	0.00030923
AT5G59020	RSp1212	0	0.00016353
AT2G40650	A0A454TLT7	0	0.0002139
AT1G67130	RSp0672	0	0.00016271
AT3G17440	A0A223GUV0	0	0.00016401
AT1G50880	RSp0160	0	0.00016322
AT1G56620	RSc1357	0	0.00016259
AT4G00530	A0A454TRL0	0	0.00016338
ATCG00740	RSc3290	0	0.00017307
AT3G14830	A0A454TRL0	0	0.00016346
AT4G26300	RSp0160	0	0.00016546
AT4G13270	A0A223GUI7	0	0.0001818
AT1G35340	RSp1475	0	0.00016391
AT1G25490	A0A454TNV6	0	0.0052346
AT4G16980	A0A454TLT7	0	0.00016532
AT3G45890	A0A223GUI7	0	0.00020736
AT5G59610	A0A454TQA3	0	0.00020916
AT3G19370	RSc3290	0	0.0001862
AT4G35090	A0A454TJY5	0	0.71395
AT1G03475	RSc3290	0	0.00017251
AT4G10750	A0A454TJY5	0	0.00025606
AT5G57880	A0A454TNV6	0	0.00016308
AT1G61415	A0A223GUV0	0	0.00019265
AT3G46610	RSp0160	0	0.00016327
AT1G30460	A0A223GPS0	0	0.00016499
AT2G33610	A0A454TRM6	0	0.00016969
AT3G49240	RSp1212	0	0.00016294
AT1G24625	RSc0245	0	0.0001709
AT2G01320	RSp1212	0	0.00017621
AT3G56040	RSc1357	0	0.0001637
AT5G22630	A0A454TJY5	0	0.026529
AT2G25000	A0A454TRM6	0	0.00018095
AT1G18170	A0A454TJY5	0	0.00016487
AT1G17640	RSc0245	0	0.00016375
AT2G40190	RSp1475	0	0.0001631
AT3G23020	RSp1212	0	0.00016298
AT1G56070	A0A454TX48	0	0.00017415
AT4G29800	A0A454TRL0	0	0.00032173
AT5G53170	A0A454TLT7	0	0.00090258
AT1G61620	A0A223GUV0	0	0.00016255
AT3G08870	RSc3290	0	0.00024117
AT4G04020	A0A454TQA3	0	0.00027317
AT2G31141	A0A454TNV6	0	0.00016399
AT3G12680	A0A454TNV6	0	0.00016255
AT5G62710	A0A223GUV0	0	0.0017647
AT3G09710	RSp0160	0	0.00016296
AT2G20310	A0A454TLT7	0	0.00017194
AT4G34650	A0A454TNV6	0	0.00016309
AT1G48120	RSc3290	0	0.00016293
AT5G54910	A0A223GUV0	0	0.00016416
AT2G23070	A0A223GUV0	0	0.00016823
AT2G27100	RSp0672	0	0.004493
AT5G04830	A0A454TRL0	0	0.0001672
AT1G70210	A0A454TJY5	0	0.00016345
AT5G32613	A0A223GPS0	0	0.00016926
AT3G13910	A0A223GPS0	0	0.00016403
AT1G34320	RSc1386	0	0.00016471
AT1G03103	A0A454TS34	0	0.00016763
AT1G15440	A0A454TY08	0	0.00028202
AT5G64450	A0A454TV64	0	0.00016371
AT3G52290	A0A454TX48	0	0.00016275
AT3G17465	RSp0572	0	0.00016436
AT1G12760	A0A454TLT7	0	0.00019918
AT1G27640	A0A454TNV6	0	0.00016448
AT1G77122	A0A454TV64	0	0.00016681
ATCG00640	RSc1386	0	0.00016559
AT1G12150	RSc1357	0	0.00018563
AT5G42330	RSp1475	0	0.00016235
AT2G21725	A0A454TQA3	0	0.00016448
AT4G27850	A0A454TNV6	0	0.00016624
AT4G11400	RSp0672	0	0.00016267
AT1G49140	A0A454TQA3	0	0.00016475
AT2G44290	RSc0245	0	0.00016305
AT4G19985	RSp0672	0	0.0001626
AT1G36745	A0A454TRM6	0	0.00019714
AT3G61740	A0A454TJY5	0	0.00017061
AT3G13450	A0A454TV64	0	0.00016556
AT1G51690	A0A223GUV0	0	0.72577
AT5G28288	RSp0160	0	0.00016352
AT3G49150	A0A223GUV0	0	0.00016313
AT5G63600	A0A454TY08	0	0.00017318
AT3G14460	A0A454TS34	0	0.00019209
AT1G54850	RSp0160	0	0.00020624
AT2G19940	RSp1475	0	0.00016976
AT5G17490	A0A454TRM6	0	0.00016345
AT3G41762	A0A454TLT7	0	0.00017604
AT5G48370	A0A223GUV0	0	0.54295
AT5G01450	A0A454TLT7	0	0.00032646
AT5G34930	A0A454TNV6	0	0.00016287
AT4G04020	A0A454TX48	0	0.00020774
AT1G05670	A0A454TV64	0	0.00016355
AT2G47860	A0A454TQA3	0	0.00016419
AT4G08455	RSp1475	0	0.00016266
AT2G37120	RSc3290	0	0.94834
AT2G25870	A0A223GUI7	0	0.00023851
AT5G09470	A0A223GPS0	0	0.00016435
AT3G45780	A0A454TS34	0	0.012965
AT1G34400	A0A454TJY5	0	0.00020042
AT5G35698	A0A223GPS0	0	0.00016416
AT5G56730	RSp0572	0	0.00016454
AT1G79940	RSc3290	0	0.00016331
AT1G66980	RSp1601	0	0.0001651
AT5G16220	A0A223GUV0	0	0.00016297
AT2G36930	A0A454TRL0	0	0.00016254
AT1G30880	A0A454TLT7	0	0.00016294
AT5G63690	A0A454TRL0	0	0.00020347
AT1G64080	RSc0245	0	0.00016248
AT3G61640	A0A454TY08	0	0.00016377
AT1G51990	RSp1475	0	0.00016319
AT2G07772	RSp1212	0	0.0001627
AT5G49800	RSc3290	0	0.00019288
AT3G56680	A0A454TX48	0	0.00016308
AT1G58190	A0A454TNV6	0	0.00016336
AT1G47660	A0A454TRM6	0	0.00023768
AT3G11590	A0A454TY08	0	0.00075961
AT2G39170	A0A454TJY5	0	0.00016307
AT3G53970	A0A223GUV0	0	0.00017005
AT1G71120	A0A454TNV6	0	0.0001633
AT4G14100	A0A454TY08	0	0.00017247
AT2G21820	A0A454TQA3	0	0.00016576
AT2G30575	A0A223GUI7	0	0.00016788
AT2G22790	RSc0245	0	0.00016268
AT2G16270	A0A454TV64	0	0.00016341
AT4G37870	A0A454TV64	0	0.00016413
AT2G42160	RSp1212	0	0.00016751
AT4G28740	A0A223GUI7	0	0.00020813
AT5G06800	RSp0672	0	0.0001627
AT1G50530	A0A454TQA3	0	0.00017304
AT1G12470	RSp1212	0	0.00016271
AT2G05260	A0A223GPS0	0	0.00017942
AT1G04260	A0A223GUV0	0	0.0028319
AT1G07070	A0A454TX48	0	0.00016778
AT1G49260	RSp1475	0	0.0001638
AT4G02160	RSp0572	0	0.00016369
AT4G21300	A0A454TY08	0	0.00016502
AT3G02790	RSc1357	0	0.00016244
AT4G28100	A0A454TLT7	0	0.00016477
AT1G43415	A0A454TV64	0	0.00016305
AT1G71820	A0A454TRL0	0	0.00016262
AT3G49590	RSp0572	0	0.00016786
AT1G20630	RSp1475	0	0.7604
AT3G47070	RSc0245	0	0.00016302
AT1G26170	A0A454TNV6	0	0.00016316
AT4G35335	A0A454TLT7	0	0.00016341
AT5G24360	A0A454TY08	0	0.00016383
AT1G48510	A0A454TY08	0	0.00016371
AT5G22090	RSc3290	0	0.00016235
AT3G18035	A0A454TS34	0	0.00016354
AT1G63980	A0A454TV64	0	0.00016295
AT1G72070	RSp0672	0	0.00016307
AT1G55580	A0A454TV64	0	0.00016311
AT2G40730	A0A454TX48	0	0.00018292
AT1G49110	RSc0245	0	0.00016695
AT4G34260	RSp0572	0	0.0001633
AT1G61415	A0A454TNV6	0	0.00016836
AT2G20500	RSp1212	0	0.00016279
AT4G23810	A0A454TQA3	0	0.0015702
AT5G35680	A0A223GUI7	0	0.0026599
AT3G62730	A0A454TNV6	0	0.00016327
AT1G69690	A0A223GUI7	0	0.00018342
AT2G46170	A0A223GUV0	0	0.00016404
AT5G53420	RSp1212	0	0.00016509
AT5G52160	RSp1601	0	0.00017001
AT5G10620	A0A454TNV6	0	0.00016422
AT5G04320	A0A454TLT7	0	0.00019532
AT1G16310	RSp0572	0	0.00016392
AT2G47360	A0A454TJY5	0	0.00016322
AT5G03820	A0A454TY08	0	0.00016401
AT4G32140	RSc1357	0	0.00016292
AT1G43690	A0A223GUV0	0	0.00016955
AT1G67280	A0A223GPS0	0	0.00031522
AT5G58760	A0A454TS34	0	0.0029108
AT2G37290	A0A223GUI7	0	0.00021239
AT5G66590	RSc1357	0	0.00016411
AT2G17850	RSp1601	0	0.00017918
AT3G47840	A0A454TX48	0	0.00016316
AT5G51350	RSp1475	0	0.00016307
AT1G56070	RSp0672	0	0.0001636
AT3G02790	A0A223GPS0	0	0.00016447
AT5G28220	RSc1386	0	0.00016318
AT3G43590	A0A454TRL0	0	0.00019175
AT2G25000	A0A454TV64	0	0.00031176
AT1G26796	A0A454TRM6	0	0.00038732
AT4G04980	RSp0572	0	0.0001677
AT4G03180	A0A223GPS0	0	0.00016822
AT1G62210	RSc3290	0	0.00016355
AT2G04034	A0A454TS34	0	0.00016669
AT1G80040	A0A454TNV6	0	0.00019184
AT1G51490	A0A454TQA3	0	0.00016338
AT5G02410	RSp1601	0	0.00016421
AT1G61415	A0A454TV64	0	0.00016591
AT5G20935	A0A223GPS0	0	0.00018326
AT1G08530	RSc1357	0	0.00016273
AT1G23280	RSp1475	0	0.00016283
AT1G68230	RSp1601	0	0.00016423
AT3G14480	A0A454TV64	0	0.00016344
AT5G62960	A0A223GUI7	0	0.00017016
AT2G06095	A0A223GPS0	0	0.00016431
AT1G23965	RSp1475	0	0.00016328
AT3G44780	A0A454TRL0	0	0.00016405
AT1G69690	A0A223GPS0	0	0.00023457
AT2G21090	RSp1601	0	0.00016395
AT4G27060	A0A223GUI7	0	0.00017521
AT3G52350	RSp1475	0	0.00016266
AT1G06420	RSp1601	0	0.00016513
AT4G17810	A0A454TX48	0	0.0001663
AT2G33260	A0A223GUV0	0	0.00016456
AT1G21660	A0A454TRM6	0	0.0001795
AT5G08505	RSp1601	0	0.0001644
AT5G49380	A0A454TX48	0	0.00016384
AT3G60470	A0A454TX48	0	0.00016327
AT5G64810	RSc3290	0	0.00042198
AT3G50250	RSp1212	0	0.00016273
AT5G26180	RSc1357	0	0.00016363
AT3G01950	RSc0245	0	0.00016303
AT1G70330	RSp1475	0	0.00016297
AT4G12940	A0A454TY08	0	0.00016377
AT5G60750	A0A454TJY5	0	0.00016447
AT4G25880	A0A454TRL0	0	0.00016245
AT5G28900	A0A223GUI7	0	0.00019672
AT4G27060	A0A454TY08	0	0.00019335
AT5G24110	A0A223GUV0	0	0.00056344
AT5G16260	RSp0672	0	0.00016722
AT1G31220	A0A223GPS0	0	0.0003067
AT5G10450	A0A454TV64	0	0.015509
AT3G24160	RSc1386	0	0.00016318
AT4G28370	A0A454TJY5	0	0.00016396
AT4G24240	A0A454TLT7	0	0.0063054
AT2G46680	A0A454TS34	0	0.00016622
AT2G25220	RSp1212	0	0.00017731
AT3G01700	A0A223GUI7	0	0.0001672
AT1G09230	A0A454TS34	0	0.00016338
AT5G48770	A0A454TJY5	0	0.00025756
AT3G01080	A0A454TLT7	0	0.00081538
AT3G07310	A0A454TJY5	0	0.00016502
AT1G33860	RSp1601	0	0.00016622
AT4G35040	A0A454TY08	0	0.00019416
AT2G24830	RSc3290	0	0.00017488
AT4G18170	A0A454TJY5	0	0.00098005
AT5G17360	A0A454TQA3	0	0.00016447
AT2G39120	A0A454TJY5	0	0.00016358
AT5G02150	A0A454TS34	0	0.00025087
AT1G02790	A0A454TRM6	0	0.00017794
AT5G04320	A0A454TRM6	0	0.00016398
AT3G55820	A0A223GPS0	0	0.00020374
AT1G66830	A0A454TLT7	0	0.00017159
AT3G19950	RSc1357	0	0.00017013
AT5G16530	RSp1475	0	0.00016351
AT3G30770	RSc1386	0	0.00016486
AT3G51120	A0A454TRM6	0	0.00016382
AT4G26620	RSc1386	0	0.00017067
AT3G18020	RSc3290	0	0.00016303
AT3G23710	RSc1357	0	0.00016298
AT2G46060	A0A454TLT7	0	0.00023551
AT3G10116	A0A223GUI7	0	0.00018472
AT1G13980	RSp0572	0	0.00019446
AT5G55680	RSp1601	0	0.00018153
AT5G48570	RSp0572	0	0.00017872
AT4G38560	RSc3290	0	0.00017094
AT5G49500	RSp0160	0	0.00016391
AT3G16960	A0A454TJY5	0	0.00016499
AT3G16320	A0A454TNV6	0	0.00016401
AT5G08550	A0A454TV64	0	0.00016285
AT4G05150	RSp0160	0	0.00017092
AT3G61520	A0A454TNV6	0	0.00016334
AT3G13225	RSc0245	0	0.00016345
AT1G72560	A0A454TJY5	0	0.00017872
AT5G11040	A0A454TQA3	0	0.0001753
AT2G42790	A0A454TJY5	0	0.12371
AT1G31500	A0A454TX48	0	0.00016352
AT1G68740	A0A454TV64	0	0.00016344
AT3G56910	A0A454TLT7	0	0.00016503
AT5G44973	RSp0572	0	0.0001666
AT5G57210	A0A454TQA3	0	0.00016572
AT3G26560	A0A454TJY5	0	0.00017944
AT4G16460	A0A223GPS0	0	0.00017021
AT1G59890	RSp0672	0	0.00016316
AT3G28190	A0A454TX48	0	0.00016295
AT1G35830	A0A454TQA3	0	0.00016241
AT1G76880	A0A454TQA3	0	0.00020001
AT1G32190	RSp0572	0	0.00018153
AT1G25097	A0A454TX48	0	0.00016523
AT3G16560	A0A454TY08	0	0.00019392
AT1G14030	RSp0672	0	0.0001626
AT1G77600	A0A454TX48	0	0.00016984
AT3G26580	RSp1601	0	0.00016383
AT2G44150	RSc1357	0	0.00016275
AT5G52610	RSp1475	0	0.00016471
AT1G29355	A0A223GUV0	0	0.00016294
AT5G39670	A0A454TX48	0	0.00016358
AT1G69420	A0A454TY08	0	0.00016322
AT4G33830	A0A454TX48	0	0.0001633
AT5G15680	RSc0245	0	0.0001659
AT3G53710	RSp0160	0	0.00016305
AT3G28980	A0A454TX48	0	0.00016295
AT5G17710	A0A454TV64	0	0.00016693
AT5G17370	RSc1357	0	0.0001703
AT1G79270	RSp0572	0	0.00016334
AT5G36930	A0A454TRL0	0	0.00025178
AT2G14288	A0A223GUV0	0	0.00016935
AT1G64290	A0A454TJY5	0	0.00017956
AT4G11770	RSc3290	0	0.00016505
AT5G28300	A0A454TS34	0	0.00016377
AT3G02520	A0A454TRM6	0	0.00016614
AT5G18230	RSp1212	0	0.00016262
AT3G26410	A0A454TX48	0	0.00016871
AT1G32975	A0A223GPS0	0	0.00017043
AT4G21300	RSp1212	0	0.00016331
AT3G42725	A0A223GUI7	0	0.00026329
AT2G32980	A0A223GUI7	0	0.00017744
AT1G06010	A0A454TY08	0	0.00016343
AT3G51610	A0A454TX48	0	0.00016377
AT1G48790	A0A454TNV6	0	0.000163
AT1G55000	RSp0572	0	0.00016322
AT1G14900	A0A454TQA3	0	0.00016348
AT3G06540	A0A454TLT7	0	0.00018147
AT5G63550	A0A454TLT7	0	0.0001629
AT1G11125	RSc1386	0	0.00016262
AT1G42430	A0A454TRM6	0	0.00018488
AT5G42980	A0A454TV64	0	0.96409
AT1G60660	A0A454TLT7	0	0.00021699
AT5G50370	A0A454TRM6	0	0.00016837
AT4G12290	A0A223GUV0	0	0.00017557
AT2G31130	RSc3290	0	0.00016251
AT3G28430	A0A454TX48	0	0.00016447
AT3G46560	A0A454TLT7	0	0.00016477
AT4G07932	A0A223GUI7	0	0.00018563
AT1G72090	A0A454TX48	0	0.00017295
AT4G10060	A0A454TQA3	0	0.00016292
AT3G25420	A0A454TJY5	0	0.00016423
AT5G64270	RSp0160	0	0.00055915
AT3G56130	RSp0572	0	0.00018557
AT1G33330	RSp1212	0	0.00016345
AT1G65113	RSp1475	0	0.00016598
AT2G14820	A0A454TY08	0	0.00017161
AT1G17060	A0A454TNV6	0	0.00016338
AT3G42385	A0A454TS34	0	0.00016489
AT4G18300	RSc3290	0	0.00016333
AT3G43710	A0A454TJY5	0	0.00018304
AT1G72210	A0A454TQA3	0	0.00034533
ATCG00420	RSc3290	0	0.0001702
AT4G00370	RSc1357	0	0.0001632
AT5G04110	A0A454TJY5	0	0.0001654
AT2G26930	A0A223GUI7	0	0.00021799
AT4G27030	A0A454TRM6	0	0.00016731
AT5G06280	A0A454TJY5	0	0.00016293
AT2G46600	RSp0672	0	0.00016377
AT1G09340	RSc3290	0	0.00016284
AT3G51180	A0A454TY08	0	0.00016801
AT3G17800	A0A454TRM6	0	0.00016563
AT5G65205	RSp1475	0	0.00016332
AT1G03030	A0A454TNV6	0	0.00016308
AT1G29355	RSc3290	0	0.00016244
AT2G26080	RSc3290	0	0.00016388
AT1G52950	A0A454TNV6	0	0.0001634
AT3G23060	A0A454TQA3	0	0.00019363
AT3G16070	A0A454TY08	0	0.00016365
AT3G07100	A0A454TJY5	0	0.00016403
AT3G59110	RSc1357	0	0.00022042
AT4G37190	RSc1357	0	0.00016521
AT2G35130	RSc1357	0	0.0001632
AT1G01180	RSc1357	0	0.00016322
ATMG00660	A0A454TRM6	0	0.00020084
AT1G29890	A0A454TLT7	0	0.00016317
AT4G30930	A0A454TQA3	0	0.00017493
AT4G14390	RSp0672	0	0.00016279
AT4G32770	A0A223GPS0	0	0.00016956
AT2G19650	A0A223GUV0	0	0.00016255
AT4G39380	RSp1601	0	0.00016325
AT3G05590	A0A223GUI7	0	0.00018027
AT3G59880	RSp0572	0	0.00016279
AT5G24110	A0A454TV64	0	0.00076344
AT4G10767	A0A454TV64	0	0.00016466
AT1G54030	RSp1601	0	0.00016406
AT1G11145	A0A454TS34	0	0.00017763
AT5G40270	RSp1212	0	0.00016264
AT1G64770	A0A454TRM6	0	0.00018465
AT2G38350	RSc1357	0	0.00016274
AT3G26380	RSc3290	0	0.00016488
AT4G29103	A0A454TLT7	0	0.00016492
AT1G62310	RSp0672	0	0.00016249
AT4G18180	RSp1475	0	0.0001631
ATCG00280	RSp1601	0	0.00016416
AT2G18370	RSp0572	0	0.00016495
AT5G35910	RSp0572	0	0.00016281
AT1G44820	RSc3290	0	0.0001711
AT5G66780	RSp1601	0	0.0001638
AT5G63920	RSc3290	0	0.00016364
AT4G16980	A0A454TRL0	0	0.00016517
AT1G17030	RSp1475	0	0.00017358
AT3G42160	A0A454TY08	0	0.00017046
AT4G04020	A0A223GUI7	0	0.00038608
AT5G65560	RSp0572	0	0.00016293
AT2G41997	A0A454TY08	0	0.00016653
AT3G24340	RSc1386	0	0.00016354
AT3G49560	RSc1357	0	0.0001626
AT5G22340	RSc0245	0	0.00016277
AT2G12462	A0A454TQA3	0	0.00016429
AT2G20410	A0A454TJY5	0	0.00016663
AT1G64780	A0A223GUV0	0	0.00016619
AT1G55240	A0A454TY08	0	0.00016336
AT5G58530	RSp0572	0	0.00016265
AT2G15820	RSp0572	0	0.00016308
AT3G60010	A0A454TV64	0	0.66594
AT1G27300	A0A223GPS0	0	0.00016781
AT5G60710	A0A454TV64	0	0.0001631
AT5G13250	A0A454TNV6	0	0.00024183
AT3G57870	A0A223GUI7	0	0.0023599
AT5G02280	A0A223GUV0	0	0.00079457
AT3G08630	RSc0245	0	0.00016292
AT4G12760	RSp1475	0	0.0001626
AT1G44191	RSc1357	0	0.00016336
AT1G29260	A0A454TLT7	0	0.0017781
AT1G64628	RSp1601	0	0.00016777
AT5G63520	A0A223GPS0	0	0.00017564
AT1G54380	A0A454TJY5	0	0.00016375
AT5G27395	RSc1357	0	0.0001626
AT1G66720	A0A223GUV0	0	0.00016664
AT1G36925	RSp1212	0	0.00016249
AT4G20000	A0A454TY08	0	0.00016408
AT1G07725	A0A454TJY5	0	0.00016407
AT1G03530	RSc0245	0	0.00016325
AT5G64970	RSc1386	0	0.0001658
AT5G01080	RSp1475	0	0.00016292
AT3G29050	A0A454TX48	0	0.00016368
AT3G49580	A0A454TS34	0	0.0002162
AT2G04066	RSp0160	0	0.00016336
AT3G12490	A0A454TV64	0	0.00016493
AT2G20310	A0A454TQA3	0	0.00016278
AT2G23190	RSp1212	0	0.00016324
AT4G02725	A0A454TRL0	0	0.00016394
AT2G25970	A0A454TNV6	0	0.00016365
AT1G68570	RSc1357	0	0.00016354
AT1G70330	RSp0672	0	0.00016269
AT2G26950	A0A454TQA3	0	0.00016421
AT1G66720	A0A454TX48	0	0.00017833
AT1G23480	RSp1212	0	0.00016312
AT3G53110	RSc0245	0	0.00016497
AT3G14570	A0A454TNV6	0	0.00016324
AT2G01960	RSp0672	0	0.00016256
AT5G50960	A0A454TLT7	0	0.0001751
AT3G22960	A0A223GPS0	0	0.00017763
AT4G19670	RSp0572	0	0.00016255
AT4G35230	RSp1601	0	0.00017858
AT5G58720	A0A454TNV6	0	0.00047171
AT2G20870	A0A454TQA3	0	0.00016368
AT5G12040	RSp0572	0	0.00017444
AT5G58660	RSp0672	0	0.00016301
AT1G10520	RSp1601	0	0.0001693
AT1G15730	A0A454TX48	0	0.00017146
AT3G47340	A0A454TV64	0	0.0001633
AT2G16050	RSc3290	0	0.00016538
AT2G03380	RSc3290	0	0.0001634
AT1G06010	RSp1601	0	0.00016464
AT1G79450	A0A454TRM6	0	0.00018385
AT4G15093	RSp1212	0	0.0001633
AT3G18300	A0A454TLT7	0	0.00018053
AT3G61520	RSc1357	0	0.00016331
AT2G26080	RSp0672	0	0.00016678
AT3G24510	A0A454TY08	0	0.00016911
AT1G09795	A0A454TRL0	0	0.00017637
AT2G44030	A0A454TY08	0	0.00017439
AT4G33140	A0A454TX48	0	0.00017804
AT2G07795	RSc0245	0	0.00016325
AT4G12960	RSc0245	0	0.00016305
AT3G17310	A0A223GUV0	0	0.00016805
AT5G48205	A0A223GUI7	0	0.00019093
AT5G51730	RSc1357	0	0.00016332
AT1G18060	A0A454TLT7	0	0.00016452
AT3G13440	A0A454TV64	0	0.00016314
AT2G26230	RSc0245	0	0.00016459
AT3G01350	RSc3290	0	0.00016337
AT4G08150	A0A454TX48	0	0.00017015
AT5G16110	A0A223GUV0	0	0.00016381
AT4G05475	RSc3290	0	0.00016488
AT1G43690	A0A454TRL0	0	0.00016305
AT1G68170	RSp1212	0	0.00016306
AT4G26380	RSp1475	0	0.00016269
AT3G61500	A0A223GUI7	0	0.00016867
AT3G06483	A0A454TLT7	0	0.00016372
AT3G32930	A0A454TRM6	0	0.00018878
AT4G30070	A0A223GPS0	0	0.00016405
AT1G12840	A0A454TNV6	0	0.0001633
AT5G60930	RSc1386	0	0.00046907
AT4G01735	RSc1386	0	0.00016257
AT5G51230	A0A454TQA3	0	0.00016295
AT1G61010	A0A454TV64	0	0.00016372
AT5G41300	RSp1212	0	0.00016265
AT2G31070	A0A454TLT7	0	0.069025
AT5G38380	A0A454TLT7	0	0.00016348
AT5G65790	RSc1386	0	0.00016375
AT3G26100	A0A223GPS0	0	0.0006453
AT3G07810	RSc1357	0	0.00016485
AT1G04260	A0A223GPS0	0	0.00021404
AT4G04885	RSc0245	0	0.00016319
AT3G27320	A0A223GUV0	0	0.00016295
AT1G50250	RSp1212	0	0.014937
AT4G15530	RSp1475	0	0.00016818
AT4G02090	A0A223GUI7	0	0.00019322
AT3G54600	A0A454TJY5	0	0.00017348
AT3G42170	A0A454TX48	0	0.00016424
AT2G03810	A0A454TY08	0	0.00016338
AT5G40430	RSp0572	0	0.00016497
AT1G07705	RSp1601	0	0.0001627
AT2G26410	RSc0245	0	0.00016256
AT3G16785	RSc1386	0	0.00016346
AT1G33060	A0A223GUV0	0	0.00024783
AT3G28040	RSp1475	0	0.00016343
AT3G22830	A0A454TS34	0	0.00016811
AT2G44065	A0A454TRM6	0	0.00018938
AT1G61600	A0A454TLT7	0	0.00016815
AT1G29240	A0A454TRM6	0	0.0001629
AT5G50850	A0A223GUV0	0	0.00016571
AT3G42155	RSp0572	0	0.00016624
AT5G44750	A0A223GPS0	0	0.00019018
AT5G36925	A0A454TLT7	0	0.00017082
AT2G19700	A0A454TLT7	0	0.00016351
AT2G02890	A0A223GUI7	0	0.00019304
AT5G45480	A0A454TQA3	0	0.00016315
AT1G14340	A0A454TLT7	0	0.20795
AT5G42420	RSc1357	0	0.00016336
AT3G12345	A0A223GPS0	0	0.00016454
AT3G49580	A0A454TQA3	0	0.0013866
AT1G67635	RSc0245	0	0.00016459
AT3G53570	A0A454TRL0	0	0.00016348
AT2G05320	RSc0245	0	0.00016288
AT4G21430	A0A454TJY5	0	0.00016564
AT5G47455	A0A454TRL0	0	0.00016404
AT1G25560	RSc3290	0	0.00017042
AT4G36370	RSc3290	0	0.00017685
AT3G56500	RSp1212	0	0.00016254
AT4G26555	RSp0160	0	0.00017418
AT4G25434	RSp1475	0	0.00016456
AT4G10970	RSp1601	0	0.00016455
AT4G28640	A0A454TX48	0	0.00020417
AT5G24250	A0A454TQA3	0	0.00016399
AT5G52830	A0A454TX48	0	0.0047995
AT5G22010	RSc0245	0	0.00016338
AT1G08170	RSp1601	0	0.0001765
AT4G15530	A0A223GUI7	0	0.00021654
AT2G22790	A0A454TLT7	0	0.00016559
AT3G61700	RSc0245	0	0.00016255
AT4G05530	A0A223GUV0	0	0.00016395
AT4G03415	A0A454TS34	0	0.00047384
AT1G11750	RSp0672	0	0.00016453
AT3G05240	A0A454TS34	0	0.00016381
AT3G56830	A0A454TRM6	0	0.000175
AT2G36920	RSc1357	0	0.00016282
AT1G02790	A0A223GUI7	0	0.00020017
AT2G45450	A0A454TRL0	0	0.00016331
AT5G36790	RSc1386	0	0.00016553
AT5G15200	A0A454TV64	0	0.00016441
AT1G52530	RSp0672	0	0.00016258
AT5G55920	A0A454TLT7	0	0.00017418
AT5G23260	A0A223GUI7	0	0.00082239
AT2G44180	A0A454TX48	0	0.00017663
AT1G28330	RSp0160	0	0.00016263
AT2G47210	RSc3290	0	0.00016712
AT3G62700	A0A454TQA3	0	0.0001685
AT3G20880	A0A223GUV0	0	0.00023999
AT4G19200	RSc1386	0	0.00016255
AT1G26480	A0A454TRL0	0	0.0041244
AT5G01450	RSc3290	0	0.00022104
AT5G26720	A0A454TJY5	0	0.00017679
AT4G21780	A0A454TQA3	0	0.00016471
AT1G12450	RSp1475	0	0.00016323
AT5G19630	RSp1212	0	0.0076695
AT5G63600	RSp1601	0	0.00017656
AT5G49800	RSp1212	0	0.00016441
AT2G26540	A0A454TJY5	0	0.00016316
AT2G31070	A0A454TRM6	0	0.00016302
AT3G12350	A0A454TJY5	0	0.00016326
AT2G44950	A0A454TY08	0	0.0003692
AT3G58630	A0A223GPS0	0	0.00017662
AT3G25120	A0A223GUI7	0	0.00016871
AT3G49270	RSc0245	0	0.00016292
AT1G63660	RSp1475	0	0.00023112
AT3G61960	RSp1212	0	0.00016297
AT1G29950	RSc0245	0	0.00016265
AT4G28690	A0A454TY08	0	0.00016503
AT2G44420	A0A223GUV0	0	0.00017143
AT3G27200	RSp1475	0	0.0001696
AT1G29690	A0A454TS34	0	0.0001653
AT2G37300	A0A223GPS0	0	0.00016654
AT1G63940	A0A223GPS0	0	0.00019011
AT1G63855	RSp0672	0	0.00016349
AT1G76780	A0A223GUI7	0	0.00020121
AT4G27690	A0A223GPS0	0	0.00033209
AT1G26350	RSc1357	0	0.00016275
AT2G03160	RSc0245	0	0.00033849
AT5G58740	A0A223GUI7	0	0.00058839
AT3G49830	RSp0572	0	0.00019281
AT3G59620	RSp1601	0	0.00016803
AT4G01970	RSp1601	0	0.00017184
AT1G69526	A0A454TS34	0	0.00016358
AT1G71300	A0A223GPS0	0	0.00016839
AT3G49540	A0A454TRM6	0	0.00024017
AT5G09410	A0A454TLT7	0	0.00016594
AT2G20510	A0A223GUI7	0	0.00017875
AT3G45110	RSp1212	0	0.00018027
AT3G47980	A0A454TJY5	0	0.00016347
AT1G79890	A0A454TNV6	0	0.00016276
AT4G01900	A0A454TJY5	0	0.00018019
AT2G42280	A0A454TQA3	0	0.00017243
AT4G19040	RSc1357	0	0.00016317
AT3G12300	RSp0572	0	0.00017478
AT1G16590	A0A454TX48	0	0.000165
AT1G53790	RSc1357	0	0.00016337
AT3G51400	RSp0672	0	0.00016275
AT3G20340	A0A454TX48	0	0.0001679
AT4G19380	A0A454TX48	0	0.0001663
AT4G32230	RSp1601	0	0.00016908
AT5G47550	A0A223GPS0	0	0.00020086
AT1G64510	A0A454TQA3	0	0.00020752
AT2G26850	A0A223GUV0	0	0.00017343
AT3G27070	A0A454TQA3	0	0.00016361
AT2G43310	RSc0245	0	0.00016662
AT1G54030	A0A454TX48	0	0.00016416
AT5G02270	RSp0572	0	0.00030607
AT3G19800	A0A454TX48	0	0.00016391
AT4G17550	RSc1357	0	0.00016299
AT5G60540	RSp0160	0	0.00016631
AT2G06906	A0A454TRL0	0	0.00016394
AT1G27950	A0A454TS34	0	0.00016486
AT5G13410	RSp1212	0	0.00016444
AT1G09230	RSp1475	0	0.00016272
AT3G08920	RSp1212	0	0.00016356
AT1G14760	A0A454TNV6	0	0.00016327
AT4G12670	A0A454TY08	0	0.00016697
AT3G09660	RSc0245	0	0.00023339
AT3G50790	A0A454TJY5	0	0.00019
AT1G72880	A0A454TY08	0	0.00016341
AT2G43180	A0A223GUV0	0	0.00016609
AT5G45160	A0A223GUV0	0	0.00017136
AT5G23070	RSp0572	0	0.00018132
AT4G28706	RSp0672	0	0.00016294
AT4G12580	A0A454TRL0	0	0.00017755
AT5G05920	A0A454TJY5	0	0.00016431
AT1G48010	RSc1386	0	0.00016416
AT2G21620	A0A454TY08	0	0.00016471
AT1G17300	A0A454TRM6	0	0.00016398
AT5G19390	A0A454TS34	0	0.00016882
AT3G29636	A0A223GUI7	0	0.00017839
AT4G29070	RSc0245	0	0.00016303
AT1G27435	A0A454TS34	0	0.00016474
AT1G36380	RSc1386	0	0.00016298
AT2G02970	A0A223GUI7	0	0.00019098
AT2G17530	A0A454TV64	0	0.00016392
AT3G04850	RSp0672	0	0.00016243
AT1G71990	RSc1357	0	0.00016279
AT5G26751	A0A454TQA3	0	0.008056
AT4G15990	RSp0572	0	0.00016914
AT5G35695	A0A223GUI7	0	0.00018282
AT5G62880	A0A454TJY5	0	0.15662
AT3G63460	A0A454TQA3	0	0.0010598
AT2G39100	A0A223GUV0	0	0.00016583
AT4G09640	A0A454TQA3	0	0.00016358
AT1G31220	RSp0572	0	0.00016377
AT3G05545	A0A454TRM6	0	0.00016231
AT1G69100	A0A454TJY5	0	0.00018198
AT2G21640	RSp1475	0	0.00016331
AT2G31040	RSc1386	0	0.00016272
AT4G38260	A0A454TS34	0	0.00016632
AT5G06190	RSc1386	0	0.00016319
AT5G39450	RSc1386	0	0.00016298
AT1G72020	RSc1357	0	0.00016315
AT1G27490	RSp1475	0	0.00016543
AT5G57990	A0A454TRM6	0	0.00017062
AT5G52830	A0A454TV64	0	0.00028089
AT2G47600	A0A223GPS0	0	0.00016429
AT1G76955	RSp1475	0	0.00016411
AT4G12920	RSp1601	0	0.00027012
AT3G05975	A0A454TY08	0	0.00016848
AT4G34690	A0A454TS34	0	0.00016384
AT3G25780	RSp0672	0	0.00016408
AT4G33600	A0A454TNV6	0	0.00016336
AT3G25710	A0A454TQA3	0	0.00037403
AT1G79210	RSp1601	0	0.00020155
AT4G24480	A0A454TRM6	0	0.00017587
ATMG00820	RSc3290	0	0.00018419
AT1G75770	A0A454TY08	0	0.00016789
AT4G38640	RSp0572	0	0.0001631
AT2G26470	A0A454TJY5	0	0.00016323
AT5G23770	RSp0160	0	0.00016987
AT2G03610	RSp1212	0	0.00016259
AT5G01800	RSp1475	0	0.00016391
AT5G39400	A0A454TY08	0	0.00021933
AT3G01600	RSc1357	0	0.00017265
AT5G54280	A0A454TX48	0	0.00017342
AT5G39760	A0A454TRM6	0	0.00016281
AT2G40220	A0A223GUI7	0	0.00018098
AT4G25830	A0A454TNV6	0	0.0001635
AT2G27160	RSc1357	0	0.00016266
AT2G42070	A0A454TRM6	0	0.00022383
AT3G50250	A0A454TQA3	0	0.00016455
AT3G46470	A0A454TV64	0	0.00016348
AT2G26550	A0A454TY08	0	0.00016468
AT4G03260	A0A454TRM6	0	0.0001631
AT1G65450	A0A454TLT7	0	0.0001635
AT1G22000	A0A454TRM6	0	0.00016501
AT5G07300	RSp0672	0	0.00016311
AT5G28310	A0A454TNV6	0	0.0001629
AT3G25130	A0A223GPS0	0	0.00016769
AT2G42070	A0A454TX48	0	0.00016527
AT5G12440	A0A454TLT7	0	0.00024225
AT5G59830	A0A454TX48	0	0.00016478
AT2G21680	A0A454TV64	0	0.00016459
AT4G35480	A0A454TRM6	0	0.00016456
AT4G25130	RSp0160	0	0.00018688
AT5G04410	RSp0160	0	0.00021315
AT5G19380	A0A454TV64	0	0.00016385
AT1G34150	RSc0245	0	0.00016286
AT3G14340	A0A454TLT7	0	0.00017044
AT3G60010	A0A454TJY5	0	0.43564
AT5G53330	A0A454TJY5	0	0.00026203
AT3G17340	A0A223GUI7	0	0.00018106
AT2G37750	A0A223GUI7	0	0.00019995
AT2G34925	A0A454TRM6	0	0.0002043
AT5G06910	A0A454TNV6	0	0.00016269
AT3G27750	RSc1386	0	0.00016299
AT1G07980	A0A454TNV6	0	0.00016306
AT5G09995	A0A454TS34	0	0.0001642
AT2G13720	RSp1475	0	0.0001634
AT2G10260	A0A454TRM6	0	0.00016423
AT2G27940	A0A454TRL0	0	0.00016272
AT3G13230	A0A454TX48	0	0.00017731
AT3G08630	RSp1212	0	0.00016265
AT2G30240	RSc1357	0	0.00016322
AT4G05553	RSp1601	0	0.00016484
AT2G37410	RSp0572	0	0.00016585
AT1G07780	A0A223GPS0	0	0.00023733
AT5G45430	A0A454TS34	0	0.00016414
AT3G51060	A0A223GPS0	0	0.00016388
AT5G23640	A0A454TRM6	0	0.00021512
AT1G43680	A0A454TX48	0	0.000164
AT2G46550	A0A454TV64	0	0.00018959
AT1G78040	A0A454TQA3	0	0.0037487
AT4G11380	RSp1212	0	0.00017616
AT1G15165	A0A454TY08	0	0.0001661
AT2G22340	A0A454TY08	0	0.00016406
AT2G17080	A0A454TV64	0	0.00016338
AT5G60940	A0A454TRM6	0	0.00036762
AT5G17380	A0A454TNV6	0	0.0001633
AT5G44210	A0A454TS34	0	0.00016628
AT5G24290	A0A454TQA3	0	0.00016302
AT1G47940	A0A223GUV0	0	0.00017045
AT1G68150	A0A223GUI7	0	0.0001927
AT4G16410	RSc3290	0	0.00016353
AT1G16510	A0A223GUV0	0	0.00017594
AT5G53490	A0A454TQA3	0	0.00016375
AT5G65610	A0A223GUV0	0	0.00016877
AT4G32272	A0A454TRM6	0	0.00016422
AT2G23450	A0A223GPS0	0	0.00018398
AT1G67730	A0A454TS34	0	0.0001637
AT1G03030	RSp1212	0	0.00016331
AT1G14688	A0A454TV64	0	0.0001836
AT4G10767	RSc0245	0	0.00016327
AT2G23700	A0A223GUV0	0	0.00016496
AT3G16980	A0A223GPS0	0	0.00033178
AT4G04870	RSc1386	0	0.00016338
AT1G11860	A0A454TX48	0	0.00017463
AT3G04640	A0A223GUV0	0	0.00018076
AT1G76240	A0A454TJY5	0	0.00017288
AT4G02485	A0A223GUV0	0	0.00017964
AT5G18540	A0A454TRL0	0	0.00016252
AT4G00905	A0A454TRM6	0	0.0001675
AT4G12560	RSp0672	0	0.00016288
AT4G14358	RSc1386	0	0.00016491
AT2G03670	A0A454TX48	0	0.00018186
AT5G13060	A0A454TLT7	0	0.010226
AT2G24450	RSp0160	0	0.00017358
AT5G37340	A0A454TRM6	0	0.00017374
AT5G62430	A0A454TV64	0	0.00016393
AT1G20920	RSp0572	0	0.00016422
AT3G56730	RSc1357	0	0.00016664
AT5G62260	A0A454TV64	0	0.00016446
AT5G30495	A0A454TS34	0	0.00016301
AT1G15740	RSc3290	0	0.00016342
AT3G05440	RSp0572	0	0.00017858
AT1G59453	A0A454TRL0	0	0.00016296
AT2G19070	A0A454TRL0	0	0.00016338
AT3G55220	A0A454TLT7	0	0.00020296
AT1G58225	A0A454TV64	0	0.00016385
AT2G14170	A0A454TX48	0	0.00016935
AT5G58610	A0A223GUV0	0	0.00016546
AT3G23900	A0A454TRM6	0	0.0001667
AT5G28300	A0A223GPS0	0	0.00017228
AT2G24840	A0A454TNV6	0	0.00017125
AT3G56730	A0A454TY08	0	0.00016729
AT5G55850	A0A454TS34	0	0.00016413
AT1G44160	A0A454TRM6	0	0.00018582
AT3G06520	A0A454TX48	0	0.00018478
AT5G55620	A0A223GPS0	0	0.00021288
AT1G80840	A0A223GUI7	0	0.00019725
AT1G34430	A0A454TLT7	0	0.025658
AT3G12640	A0A454TX48	0	0.00016272
AT3G47540	RSc1357	0	0.00016245
AT3G54000	A0A454TX48	0	0.00017567
AT5G16740	RSp1601	0	0.00016413
AT1G76280	A0A454TX48	0	0.00016295
AT2G42470	RSc1357	0	0.00016642
AT1G68585	A0A454TRL0	0	0.00016642
AT1G68480	RSp0160	0	0.0001635
AT1G80420	A0A223GPS0	0	0.0001669
AT4G38530	A0A454TX48	0	0.00016582
AT5G05940	A0A454TJY5	0	0.00016339
AT3G12350	A0A454TX48	0	0.00016369
AT4G01040	RSp0160	0	0.00016293
AT5G25240	A0A223GUI7	0	0.00021576
AT1G65900	RSp0160	0	0.00016355
AT5G58950	A0A223GPS0	0	0.00021484
AT5G04910	RSc1357	0	0.0001674
AT5G60805	A0A454TLT7	0	0.00017392
AT3G47675	RSc1357	0	0.00016447
AT2G23470	RSp0672	0	0.00016259
AT1G60620	RSp1212	0	0.00016352
AT5G43500	RSp1212	0	0.00016619
AT1G72300	RSp0160	0	0.00021699
AT2G12290	A0A454TJY5	0	0.00016536
AT2G43945	RSc1386	0	0.00016412
AT1G54350	RSp1475	0	0.00016427
AT1G07485	A0A454TRL0	0	0.0001636
AT1G08480	RSp0672	0	0.00016274
AT4G37300	RSc3290	0	0.00018093
AT4G39110	A0A223GUV0	0	0.00030998
AT4G02070	A0A454TRL0	0	0.00016441
AT5G11425	A0A223GPS0	0	0.00016493
AT3G17470	RSc0245	0	0.00016438
AT2G07690	A0A223GUI7	0	0.00018843
AT5G19240	A0A223GUV0	0	0.00020243
AT1G77860	RSp0160	0	0.00016326
AT2G26450	RSp1601	0	0.00016372
AT3G49890	A0A454TV64	0	0.0001629
AT3G17430	RSc1386	0	0.00016314
AT2G40550	A0A454TNV6	0	0.00016296
AT1G76140	A0A454TNV6	0	0.00016392
AT1G17800	A0A454TRM6	0	0.00033407
AT1G24060	A0A454TV64	0	0.00016388
AT1G76480	A0A454TQA3	0	0.00019595
AT3G19950	A0A454TS34	0	0.00016318
AT1G22000	A0A454TV64	0	0.00016329
AT1G49430	A0A223GUI7	0	0.00026719
AT3G18300	A0A454TQA3	0	0.00016245
AT1G69690	A0A454TQA3	0	0.00061709
AT4G28556	RSp0672	0	0.00016231
AT1G77765	A0A454TJY5	0	0.00016702
AT2G28330	A0A223GUI7	0	0.00017563
AT3G09230	A0A454TQA3	0	0.00016869
AT3G55900	A0A454TS34	0	0.00016363
AT2G05430	A0A454TJY5	0	0.00016393
AT3G49240	A0A454TQA3	0	0.00016328
AT2G41997	RSp0572	0	0.00016433
AT4G35740	A0A454TLT7	0	0.00016517
AT3G27010	A0A223GUV0	0	0.00018792
AT2G32970	RSp1601	0	0.00016424
AT2G03270	A0A223GUI7	0	0.00019151
AT5G08330	A0A454TV64	0	0.00028509
AT4G40020	RSp1212	0	0.00016429
AT4G14385	RSc3290	0	0.00022838
AT3G52115	RSc1386	0	0.00017096
ATCG00650	RSc3290	0	0.00016321
AT3G05545	A0A454TS34	0	0.00016267
AT4G39050	A0A454TX48	0	0.00041918
AT1G08820	RSp0672	0	0.00017135
AT1G36745	RSp0572	0	0.00016356
AT5G37970	A0A454TRM6	0	0.00016376
AT5G63880	RSc1386	0	0.00016387
AT2G41360	A0A223GPS0	0	0.00016525
AT3G14010	A0A454TQA3	0	0.00018946
AT3G55220	A0A454TRM6	0	0.00016927
AT5G35100	A0A454TJY5	0	0.0001724
AT5G58200	RSp0572	0	0.00016398
AT1G19860	A0A454TLT7	0	0.00016682
AT2G33710	A0A223GPS0	0	0.00019332
AT5G66480	A0A454TV64	0	0.00049894
AT1G71980	RSp1475	0	0.00016283
AT5G06800	A0A454TS34	0	0.0001627
AT3G62020	A0A223GUV0	0	0.00017446
AT1G74830	RSc1386	0	0.0001788
ATCG01070	A0A454TRM6	0	0.00058698
AT4G14746	RSc0245	0	0.00016315
AT1G08985	RSp1475	0	0.00017365
AT1G06190	A0A223GUV0	0	0.00016547
AT1G15870	A0A223GUI7	0	0.00020836
AT4G22190	RSp0572	0	0.00016263
AT4G09980	A0A454TLT7	0	0.00016298
AT3G28640	RSp1475	0	0.00016318
AT3G22590	A0A454TNV6	0	0.00016303
AT1G29770	A0A454TRM6	0	0.00018621
AT1G55250	RSp0160	0	0.00037919
AT4G15802	A0A454TV64	0	0.0001642
AT5G41580	RSc1386	0	0.00016387
AT5G24290	A0A454TNV6	0	0.000163
AT3G07350	RSc0245	0	0.00016446
AT5G52740	RSp0572	0	0.0002398
AT4G33670	A0A454TNV6	0	0.000462
AT2G24790	RSp0160	0	0.00016293
AT4G32020	A0A454TJY5	0	0.00016448
AT2G17480	RSc0245	0	0.00016279
AT1G08250	A0A454TRM6	0	0.0001781
AT2G45290	RSp1475	0	0.00016353
AT4G10750	A0A223GUI7	0	0.0005025
AT1G05920	RSp1212	0	0.00016319
AT1G03720	RSp1212	0	0.00016279
AT5G22320	A0A454TV64	0	0.00016296
AT3G53990	A0A2H1TEN2	0	0.00016392
AT2G46190	A0A3Q9PWP5	0	0.00028221
AT5G28820	A0A7U7HJ98	0	0.00016886
AT4G38790	A0A7U7HJ98	0	0.000164
AT5G04060	A0A109HQ28	0	0.00016377
AT3G51260	B0RNB7	0	0.00026169
AT3G62730	G0CJ83	0	0.00016306
AT5G57490	AvrC_Xcc_ATCC_33913	0	0.00017064
AT1G57613	A0A7Z2ZFP7	0	0.00016403
AT5G17280	A0A7Z7J4Y2	0	0.00016314
AT3G15120	H2BNP9	0	0.00016314
AT2G19700	A0A8E4EJH2	0	0.00016684
AT5G64540	A0A7Z7IYU1	0	0.00016295
AT2G24860	A0A109HRM3	0	0.00016305
AT5G65540	B0RNB7	0	0.00016381
AT5G48905	C5IAR4	0	0.00016369
AT1G11765	A0A3Q9PWP5	0	0.00016823
AT2G45320	A0A7U7DGN5	0	0.00016295
AT2G06845	C5IAR4	0	0.00016794
AT1G08110	XC_3024	0	0.0001932
AT3G53310	A0A3Q9PWP5	0	0.00019392
AT3G02080	A0A109HRM3	0	0.00016835
AT5G21900	A0A8E4EJH2	0	0.00016255
AT4G04930	AvrC_Xcc_ATCC_33913	0	0.00016291
AT5G53450	A0A8E4EJH2	0	0.0001635
AT3G03620	A0A7Z7IYU1	0	0.00016557
AT3G52130	A0A2H1TEN2	0	0.00017965
AT4G01883	A0A7Z2ZFP7	0	0.00016759
AT4G39530	A0A7U7HJ98	0	0.00016336
AT3G14400	A0A8A7C2N9	0	0.00016476
AT3G04950	A0A8E4EJH2	0	0.00016317
AT4G38580	A0A109HQ28	0	0.00019086
AT2G45680	G0CJ83	0	0.00018834
AT4G22250	XC_3160	0	0.00034871
AT1G51650	A0A3Q9PWP5	0	0.00017021
AT4G21215	A0A7U7DGN5	0	0.00019764
AT5G48290	A0A3Q9PWP5	0	0.00048534
AT3G28460	A0A109HRM3	0	0.00016677
AT5G43650	XC_3024	0	0.00017878
AT1G24150	A0A8A7C2N9	0	0.0010041
AT3G56830	A0A7U7DGN5	0	0.00016305
AT3G45670	A0A109HRM3	0	0.0001666
AT1G22860	A0A109HRM3	0	0.00018058
AT3G18295	XC_3160	0	0.00017488
AT3G09925	AvrC_Xcc_ATCC_33913	0	0.00020802
AT4G18080	A0A2H1TEN2	0	0.00016764
AT3G09250	A0A3Q9PWP5	0	0.00017346
AT1G05460	A0A7Z2ZFP7	0	0.000164
AT3G01240	A0A3Q9PWP5	0	0.00016353
AT2G45620	H2BNP9	0	0.00085677
AT2G25660	XC_2081	0	0.00016448
AT2G42470	H2BNP9	0	0.00016771
AT1G05805	A0A7Z7J4Y2	0	0.00016613
AT4G16430	H2BNP9	0	0.00018796
AT3G48430	XC_3160	0	0.00017201
AT3G08530	A0A109HQ28	0	0.00016414
AT4G08520	G0CJ83	0	0.00016605
AT1G69580	XC_2081	0	0.00016656
AT3G27330	A0A109HQ28	0	0.00016682
AT3G14180	B0RNB7	0	0.00017903
AT4G01690	H2BNP9	0	0.00016303
AT4G33620	XC_3024	0	0.00016267
AT2G35680	XC_2081	0	0.0002398
AT2G24680	A0A8A7C2N9	0	0.00016332
AT1G44414	A0A3Q9PWP5	0	0.00019329
AT4G20400	A0A7Z2ZFP7	0	0.00016327
AT4G01883	H2BNP9	0	0.00016488
AT1G23700	A0A3Q9PWP5	0	0.00016513
AT1G58100	A0A7U7HJ98	0	0.00018523
AT1G74350	XC_3024	0	0.00016288
AT3G55060	A0A8A7C2N9	0	0.0065374
AT3G52290	A0A2H1TEN2	0	0.00016307
AT5G66815	A0A109HQ28	0	0.00019895
AT4G36270	A0A8A7C2N9	0	0.00018373
AT5G38790	G0CJ83	0	0.00016255
AT1G48610	H2BNP9	0	0.00016254
AT1G17665	A0A8E4EJH2	0	0.0001646
AT3G10130	C5IAR4	0	0.00018196
AT5G24340	A0A3Q9PWP5	0	0.00016383
AT3G45160	XC_2081	0	0.00016325
AT1G05020	G0CJ83	0	0.00016339
AT5G17640	XC_3024	0	0.00016993
AT4G02600	XC_0563	0	0.0001632
AT5G56220	A0A7Z7J4Y2	0	0.00016264
AT3G62630	A0A8A7C2N9	0	0.00016733
AT4G05360	XC_3024	0	0.00016271
AT5G16500	XC_3024	0	0.00026345
AT4G14870	H2BNP9	0	0.00016406
AT3G28958	C5IAR4	0	0.00016974
AT5G61840	A0A8A7C2N9	0	0.00016291
AT5G03050	A0A109HRM3	0	0.00017733
AT2G12170	XC_2081	0	0.00016659
AT3G49580	H2BNP9	0	0.29468
AT1G49650	XC_0563	0	0.00019649
AT2G38365	A0A2H1TEN2	0	0.00017434
AT1G31670	XC_3160	0	0.00017589
AT5G03930	A0A8E4EJH2	0	0.00027214
AT4G22212	G0CJ83	0	0.0001648
AT5G18210	A0A7Z2ZFP7	0	0.00016331
AT5G37670	A0A7Z7J4Y2	0	0.00076149
AT3G58590	XC_3024	0	0.00016329
AT3G15530	A0A7Z7IYU1	0	0.00016384
AT3G30540	XC_3160	0	0.00016292
AT3G53010	XC_3024	0	0.00016355
AT1G14370	A0A7U7HJ98	0	0.00037908
AT1G61520	XC_2081	0	0.00016443
AT5G09876	A0A7Z7IYU1	0	0.00016343
AT3G58460	A0A109HQ28	0	0.00016387
AT4G37080	A0A109HQ28	0	0.0001631
AT4G21770	A0A7Z7IYU1	0	0.00016434
AT2G44440	H2BNP9	0	0.00020544
AT5G40250	A0A7Z7IYU1	0	0.00016328
AT3G48205	A0A109HRM3	0	0.00016398
AT3G48480	AvrC_Xcc_ATCC_33913	0	0.00016333
AT1G11690	A0A7U7DGN5	0	0.00017761
AT5G67530	XC_0563	0	0.00016439
AT1G15600	A0A7Z7J4Y2	0	0.0001631
AT1G58100	A0A2H1TEN2	0	0.00016288
AT5G46220	A0A3Q9PWP5	0	0.00016428
AT4G20410	A0A3Q9PWP5	0	0.00016525
AT5G40400	A0A7Z7IYU1	0	0.00016377
AT2G47890	A0A7Z7J4Y2	0	0.0001735
AT3G20640	XC_0563	0	0.00031896
AT5G17680	A0A7U7HJ98	0	0.0002171
AT4G15900	A0A2H1TEN2	0	0.00031815
AT1G06890	A0A7Z7IYU1	0	0.00016338
AT2G27330	A0A8E4EJH2	0	0.00016418
AT1G67580	H2BNP9	0	0.00016311
AT2G32460	XC_3024	0	0.00016274
AT5G11380	A0A7U7HJ98	0	0.00016336
AT1G69450	A0A7Z7J4Y2	0	0.00016283
AT5G32440	XC_2081	0	0.00018181
AT3G01680	XC_0563	0	0.00016289
AT1G24150	A0A7Z7IYU1	0	0.00021961
AT5G40420	XC_2081	0	0.00016692
AT3G50651	A0A8E4EJH2	0	0.00016371
AT1G02840	A0A7Z2ZFP7	0	0.0003021
AT4G38790	XC_3024	0	0.00016329
AT1G76850	H2BNP9	0	0.00016961
AT3G61810	A0A3Q9PWP5	0	0.00016336
AT2G42290	A0A7U7HJ98	0	0.00022557
AT4G10890	A0A7Z7IYU1	0	0.00016346
AT5G57520	A0A8E4EJH2	0	0.00016332
AT3G20620	A0A8A7C2N9	0	0.0001701
AT1G15260	A0A109HQ28	0	0.00016633
AT4G20020	B0RNB7	0	0.00016377
AT5G63610	AvrC_Xcc_ATCC_33913	0	0.00016337
AT5G40950	G0CJ83	0	0.00016627
AT4G02725	A0A109HQ28	0	0.00016582
AT1G01020	XC_3160	0	0.00016415
AT2G37090	XC_3024	0	0.00016321
AT4G17990	G0CJ83	0	0.00017401
AT2G32260	A0A7Z7IYU1	0	0.00016298
AT3G48480	XC_3160	0	0.00016295
AT4G31760	A0A8A7C2N9	0	0.00016315
AT3G15080	A0A8A7C2N9	0	0.00017049
AT3G04840	C5IAR4	0	0.00016749
AT5G52820	A0A7Z2ZFP7	0	0.00016577
AT1G14470	A0A8E4EJH2	0	0.00016316
AT4G01970	A0A7U7HJ98	0	0.00016811
AT1G79230	A0A2H1TEN2	0	0.00018141
AT3G53930	G0CJ83	0	0.00016321
AT5G48485	A0A8E4EJH2	0	0.00016368
AT1G55350	A0A7U7HJ98	0	0.00016629
AT5G25920	A0A2H1TEN2	0	0.00017111
AT3G21660	A0A8A7C2N9	0	0.00016698
AT1G74320	A0A7Z2ZFP7	0	0.00016315
AT3G27340	A0A109HRM3	0	0.00039933
AT3G54650	A0A7Z7J4Y2	0	0.00016249
AT3G57970	G0CJ83	0	0.00016787
AT2G18840	XC_2081	0	0.00016486
AT2G23142	XC_0563	0	0.00017777
AT3G22440	A0A3Q9PWP5	0	0.00016654
AT4G15440	XC_2081	0	0.00016358
AT1G47265	XC_3024	0	0.00016725
AT1G61810	B0RNB7	0	0.00016301
AT1G80760	H2BNP9	0	0.00067812
AT5G02520	H2BNP9	0	0.00016298
AT4G30050	H2BNP9	0	0.00016366
AT1G11490	A0A7U7DGN5	0	0.00016524
AT1G63160	XC_3160	0	0.00016323
AT4G11170	G0CJ83	0	0.00026562
AT5G39910	C5IAR4	0	0.00016736
AT3G22200	C5IAR4	0	0.00016378
AT1G03800	A0A8A7C2N9	0	0.00020474
AT4G00700	H2BNP9	0	0.000164
AT1G26815	A0A109HQ28	0	0.00019204
AT3G61678	XC_3160	0	0.00016874
AT5G03300	A0A109HRM3	0	0.00017012
AT1G22120	A0A8E4EJH2	0	0.00016223
AT5G02460	XC_3160	0	0.02828
AT3G11840	XC_3160	0	0.00016442
AT3G49240	C5IAR4	0	0.00016346
AT4G23910	A0A7Z7J4Y2	0	0.00016266
AT2G31305	XC_3024	0	0.00016245
AT1G55870	A0A7Z7J4Y2	0	0.00016273
AT5G26720	C5IAR4	0	0.0001708
AT1G51630	A0A7U7HJ98	0	0.00016317
AT1G24090	A0A7Z7J4Y2	0	0.00016333
AT2G01570	A0A2H1TEN2	0	0.00016264
AT2G45680	H2BNP9	0	0.00042471
AT5G60510	A0A109HQ28	0	0.00016415
AT5G46690	A0A109HQ28	0	0.00017161
AT2G16390	XC_3160	0	0.00016319
AT2G40090	XC_2081	0	0.00016441
AT3G47510	XC_3024	0	0.00016396
AT1G06770	XC_3024	0	0.00017437
ATMG01400	A0A7Z7J4Y2	0	0.00016344
AT5G02440	A0A7Z7IYU1	0	0.00016505
AT3G30841	A0A7U7DGN5	0	0.00018297
AT1G19250	XC_2081	0	0.00016451
AT4G29830	XC_3160	0	0.0020019
AT5G64970	XC_3024	0	0.00016539
AT4G23760	A0A109HQ28	0	0.00017165
AT1G73480	XC_3024	0	0.00016735
AT3G16930	A0A3Q9PWP5	0	0.00019542
AT2G05940	H2BNP9	0	0.00037946
AT3G28170	A0A8E4EJH2	0	0.00017786
AT2G24240	G0CJ83	0	0.00019252
AT5G01760	XC_0563	0	0.00016307
AT2G38000	A0A7Z7IYU1	0	0.00016496
AT1G13940	A0A8A7C2N9	0	0.00016271
AT1G27090	A0A8A7C2N9	0	0.00016616
AT2G34770	A0A7Z7J4Y2	0	0.00016294
AT5G17490	A0A7Z2ZFP7	0	0.00023628
AT5G28920	A0A7U7DGN5	0	0.00016283
AT1G03710	A0A7Z7IYU1	0	0.00016682
AT5G28690	A0A8E4EJH2	0	0.00017728
AT1G67940	A0A3Q9PWP5	0	0.0010785
AT1G64510	A0A2H1TEN2	0	0.00021638
AT4G13060	H2BNP9	0	0.00016732
AT3G47700	A0A109HQ28	0	0.00016391
AT1G74460	Q5RJF5	0	0.00016304
AT5G39040	Q5RJF5	0	0.00016507
AT2G13610	A0A6B3KK02	0	0.00038965
AT3G02160	A0A6B3KLT2	0	0.00016591
