AT5G05550	AAC72019	1	0.0001132
AT3G11100	AAC72019	1	0.00011248
AT3G19400	CAD16676	1	0.00047601
AT1G47128	CAD16676	1	0.0003678
AT5G60360	CAD16676	1	0.00039442
AT4G35350	CAD16676	1	0.00041219
AT3G17860	OEC78	1	0.00011433
AT1G25550	OEC78	1	0.00011743
AT1G22920	OEC71	1	0.01182
AT3G02150	OEC78	1	0.00011543
AT1G22920	OEC78	1	0.00046451
AT5G48370	OEC78	1	0.00015004
AT5G48370	OEC84	1	0.0001599
AT3G58030	OEC78	1	0.00010723
AT4G16260	AEN69461	1	0.0001157
AT1G47128	AAO33473	1	0.00036116
AT1G22920	HARXL10_WACO9	1	0.00033446
AT2G23290	HARXL73	1	0.00010034
AT4G25920	HARXL44	1	0.00010328
AT1G30860	ATR13_MAKS9	1	0.00011339
AT1G50420	HARXL10_WACO9	1	0.00010094
AT3G17860	HARXL10_WACO9	1	9.9774e-05
AT5G27860	HARXL44	1	0.014139
AT5G22310	ATR13_WACO5	1	0.00012482
AT3G21490	HARXL44	1	0.0001206
AT4G09420	HARXL65	1	0.0001075
AT4G24840	HARXL73	1	0.00010279
AT4G26450	HaRxL149	1	0.00010304
AT5G06780	HARXL73	1	0.00010473
AT2G23290	ATR13_WACO5	1	0.00010027
AT1G17970	HARXL44	1	0.00010297
AT3G54850	HARXL73	1	0.00010185
AT4G26450	HaRxLL492	1	0.00010054
AT4G39050	HARXL73	1	0.00018458
AT4G17220	HARXL73	1	0.00012351
AT1G22920	HARXL16	1	0.00048272
AT3G54850	ATR13_WACO5	1	0.00011106
AT5G13320	AAL84239	1	0.00010071
AT3G56400	AAB51082	1	0.00011859
AT4G02550	AvrB2_Pgy_R0	1	0.00010916
AT1G22920	HopF3_Pph_1448A	1	0.00015984
AT3G17860	HopBB1_Pmo_M301020	1	9.9418e-05
AT2G38470	AAB51082	1	0.00010503
AT1G30360	AAO54046	1	0.00010123
AT3G07780	HopZ3_Paf_DSM5025	1	9.9672e-05
AT1G22920	HopAR1_Pph_1302A	1	0.00023611
AT1G22920	AvrB2_Pgy_R0	1	0.032178
AT2G43790	AAO54440	1	0.00011846
AT3G53410	AvrPto1_Pla_107	1	0.60999
AT3G02150	HopBB1_Pmo_M301020	1	9.9961e-05
AT5G22290	AAO54410	1	0.00011829
AT1G17380	AAR02168	1	9.9639e-05
AT4G11070	AAB51082	1	0.0001262
AT4G39050	HopC1_Pto_DC3000	1	0.00021021
AT4G39050	AAO58163	1	0.00023044
AT4G39050	HopZ3_Paf_DSM5025	1	0.00029738
AT5G51910	AvrB2_Pgy_R0	1	0.92469
AT4G35100	AAO54046	1	0.00014843
AT4G17680	AvrB2_Pgy_R0	1	0.054978
AT5G62670	AAO54046	1	0.00010122
AT2G21380	HopC1_Pto_DC3000	1	0.00023977
AT1G22920	AvrPto1_Pla_107	1	0.00069753
AT4G11070	AvrRps4_Pph_1448A	1	0.00012357
AT3G11130	AAO54046	1	0.029634
AT3G21220	AAO54046	1	0.00010228
AT3G01290	AAO54046	1	0.00010161
AT1G72450	AAR02168	1	0.00010033
AT1G30135	AAR02168	1	0.00010289
AT3G53420	AAO54046	1	0.00013835
AT2G39760	HopQ1_1_Pto_DC3000	1	0.00010071
AT1G74950	AAR02168	1	9.9392e-05
AT5G22310	RSc1349	1	0.00014401
AT2G17990	RSp1601	1	0.00011365
AT2G21380	RSc1349	1	0.00029894
AT2G23290	RSc1349	1	0.0001003
AT4G15930	RSp1601	1	0.00010538
AT1G55190	RSp0304	1	0.00026136
AT1G30860	RSc1349	1	0.00010178
AT5G59730	RSc1357	1	0.00010137
AT3G07780	RSp1601	1	0.00010024
AT4G24840	RSp0160	1	0.00011498
AT3G13720	RSp0304	1	0.00024328
AT4G24840	RSc1349	1	0.00010322
AT3G50910	RSc1349	1	0.0085628
AT3G12920	RSc1349	1	0.007609
AT4G17680	RSp1601	1	0.00010166
AT4G39050	RSp1601	1	0.00012304
AT1G30860	RSp0160	1	0.00010404
AT5G06560	RSc1349	1	0.015618
AT3G07780	RSc1349	1	0.00010083
AT3G23220	RSc1349	1	0.00010067
AT5G63510	RSc1357	1	0.00011558
AT5G58960	RSc1349	1	9.9429e-05
AT5G42190	RSc1357	1	0.00069456
AT3G22960	RSc1349	1	0.00012979
AT2G23290	RSp1601	1	0.00010064
AT2G36410	RSc1349	1	0.031535
AT2G17990	RSc1349	1	0.0093834
AT1G10850	XC_3915	1	0.00015654
AT4G17680	AvrC_Xcc_ATCC_33913	1	0.0023472
AT3G12920	XC_0563	1	0.0011708
AT1G58100	XC_2081	1	9.9962e-05
AT1G58100	XC_0563	1	0.0001008
AT5G26720	XC_3802	1	0.00010213
AT4G02550	AvrC_Xcc_ATCC_33913	1	0.00010343
AT4G17680	XC_0563	1	0.00010875
AT1G54060	XC_3802	1	0.00010694
AT2G17290	XC_3802	1	0.00010011
AT1G11090	XC_3802	1	0.00010289
AT2G28490	AAC72019	0	0.0001007
AT2G29970	AAC72019	0	0.00010147
AT3G51840	A0A421NV20	0	0.00010439
AT1G19290	A0A421NUF4	0	0.00011836
AT3G02860	A0A421NUF4	0	0.00011909
AT2G37210	A0A421NY84	0	0.00010475
AT5G23210	A0A421NV20	0	0.00011081
AT3G07040	A0A421NUF4	0	0.0001191
AT3G09922	A0A421NUF4	0	0.0001049
AT2G26770	A0A421NYW6	0	0.00010706
AT1G35614	A0A421NUF4	0	0.00011304
AT2G37690	A0A2S8NU52	0	0.00010715
AT1G31620	A0A421NYW6	0	0.00010359
AT5G51812	A0A2S8NU52	0	0.0001084
AT5G14740	A0A421NV20	0	0.00011254
AT5G42920	A0A2S8NU52	0	0.0001026
AT5G38470	A0A421NYW6	0	0.00011553
AT3G13740	A0A421NV20	0	0.00010308
AT2G22530	A0A2S8NTF4	0	0.00011541
AT2G34670	A0A2S8NU52	0	0.0001241
AT2G20613	A0A421NYW6	0	0.00012196
AT1G44940	A0A2S8NU52	0	0.00010725
AT5G16453	A0A421NY84	0	0.00014164
AT5G35540	A0A421NYW6	0	0.00010264
AT2G03200	A0A1P8YXK4	0	0.00010298
AT4G30480	A0A1P8YXK4	0	0.00010473
AT1G17820	A0A1P8YXP1	0	0.000101
AT4G35350	A0A1P8YXP1	0	0.00076464
AT1G16570	A0A1P8YXJ5	0	0.00011789
AT5G38730	A0A1P8YXK6	0	0.0001134
AT4G38010	A0A1P8YXK4	0	0.00011126
AT5G55250	ACY70449	0	0.00010395
AT1G32260	ACY70449	0	0.00010104
AT5G16780	ACY70449	0	0.00010279
ATCG00640	I0C0A2	0	0.00011781
AT2G18245	I0C0A2	0	0.00012011
AT1G71920	ACY70449	0	0.00010762
AT5G58360	ACY70449	0	0.00010255
AT1G19715	OEC49	0	0.00010118
AT1G62750	OEC49	0	0.000121
AT1G55190	A0A088QFA2	0	0.00013374
AT3G25060	A0A088QD51	0	0.0001088
AT1G54060	A0A088QFA2	0	0.000118
AT1G64710	A0A088QF73	0	0.00012534
AT4G28706	OEC76	0	0.00011351
AT1G62220	OEC23b	0	0.00010596
AT1G24490	OEC84	0	0.00010955
AT3G10480	A0A088QFA2	0	0.00032327
AT1G56090	OEC49	0	0.0001007
AT3G02160	A0A088QF73	0	0.00010472
AT4G21740	A0A088QD05	0	0.00010926
AT4G00650	OEC49	0	0.00010606
AT5G50410	OEC54	0	0.00012898
AT2G46970	OEC84	0	0.00010593
AT1G14810	OEC78	0	0.00012555
AT1G30650	OEC25b	0	0.00010228
AT3G54640	OEC71	0	0.00010349
AT5G42790	OEC112	0	0.00010971
AT1G48200	OEC71	0	0.0037285
AT2G42220	OEC49	0	0.00010136
AT1G66080	OEC23b	0	0.00010125
AT1G49290	OEC25b	0	0.00010449
AT4G09170	A0A088QD05	0	0.000104
AT2G30680	A0A088QCP1	0	0.00011103
AT5G42920	OEC78	0	0.00010176
AT1G79920	OEC112	0	0.081387
AT2G05230	A0A088QCP1	0	0.00010067
AT1G02780	A0A088QF73	0	0.00010129
AT1G59690	A0A088QF73	0	0.00012676
AT1G77960	OEC23b	0	0.00010242
AT1G13990	OEC25b	0	0.00010314
AT4G13070	A0A088QF73	0	0.00010133
AT5G40610	A0A088QCP1	0	0.00010254
AT3G45300	A0A088QCP1	0	0.0001066
AT4G34560	OEC23b	0	0.00010105
AT4G17260	OEC112	0	0.0001805
AT1G60040	OEC76	0	0.00013376
AT1G15880	OEC84	0	0.00010918
AT5G04410	A0A088QF73	0	0.00010521
AT1G29070	A0A088QFA2	0	9.9105e-05
AT4G34190	OEC25b	0	0.00010683
AT1G22840	A0A088QFA2	0	0.00035452
AT4G21800	A0A088QCP1	0	0.00010669
AT5G11390	OEC23b	0	0.0001034
AT1G19060	OEC84	0	0.00013046
AT5G48370	A0A088QD51	0	0.00011194
AT4G27850	OEC23b	0	0.00010173
AT5G43480	A0A088QFA2	0	0.0001021
AT1G01030	OEC54	0	0.00011005
AT5G55970	OEC49	0	0.00010383
AT1G09640	OEC71	0	9.9886e-05
AT4G12790	OEC23b	0	0.00010727
AT1G69830	A0A088QF73	0	0.00011438
AT5G03944	OEC25b	0	0.00013929
AT5G06210	A0A088QCP1	0	0.00010426
AT2G10535	OEC54	0	0.00017753
AT1G24560	A0A088QFA2	0	0.00010242
AT5G64710	OEC25b	0	0.00010138
AT3G47410	A0A088QF73	0	0.00012066
AT2G32550	OEC71	0	0.00010935
AT4G11000	OEC23b	0	0.00010248
AT1G80650	OEC76	0	0.013644
AT1G31250	OEC78	0	0.00018083
AT1G31410	OEC25b	0	0.00010167
AT2G42890	OEC39	0	0.0001006
AT2G42820	A0A088QFA2	0	0.00010626
AT5G40460	A0A088QF73	0	0.00039649
AT5G08290	AEN69461	0	0.00011619
AT2G04530	ADM21466	0	0.00010664
AT5G27920	AAP30775	0	0.00013208
AT5G43710	ADM21466	0	0.00011757
AT5G17590	ADM21466	0	0.00011346
AT1G67190	ABY49997	0	0.00010612
AT3G21520	ABY49997	0	0.00010293
AT1G53950	ABY49997	0	0.00010346
AT5G55590	AAO33473	0	0.00029245
AT4G32530	AAP30775	0	0.00010128
AT1G30320	AAO33473	0	0.00011392
AT3G20930	ABY49997	0	0.00011506
AT1G55915	ADM21466	0	0.00010457
AT5G40850	AJR22224	0	0.00010406
AT2G31320	AJR22224	0	0.00010275
AT1G76810	AJR22224	0	0.00010817
AT3G21300	ABY49997	0	0.00011293
AT1G79040	M4BVK3	0	0.00010106
AT2G16880	A0A090BF57	0	0.00011445
AT3G27160	M4BS62	0	9.9879e-05
AT5G01170	M4BF35	0	0.00010425
AT1G15220	M4BX77	0	0.00010182
AT2G25650	A0A090B8F6	0	0.00010332
AT2G20610	A0A090BHJ3	0	0.00010381
AT3G19870	M4C3I0	0	0.00010376
AT5G35540	A0A090C2T4	0	0.00010266
AT3G29320	HARXL73	0	0.0001011
AT2G24950	A0A090C2V2	0	0.00010048
AT3G53940	A0A090BBM9	0	0.00010132
AT3G58570	HARXL18	0	0.00010195
AT5G56360	HARXL65	0	0.00010442
AT3G06240	A0A090C2S7	0	0.00010053
AT3G10980	ATR13_WACO5	0	0.00010045
AT5G67060	M4BQH6	0	0.00010825
AT2G29605	HARXL16	0	0.00010096
AT5G35080	M4BZ57	0	0.00010032
AT3G13170	A0A090C2N5	0	0.00010041
AT3G56350	A0A090BHJ0	0	0.00011138
AT2G32460	M4C6Q5	0	0.00010175
AT5G42920	M4B4Q6	0	0.0001034
AT3G04480	A0A090BFV7	0	9.9118e-05
AT1G17800	A0A090BEW7	0	0.00010612
AT5G08310	HARXL89	0	0.00013393
AT3G46100	AAX51198	0	0.0001021
AT1G79720	A0A090C2P4	0	0.00010158
AT4G15180	HARXLCRN15	0	0.00010497
AT1G73220	M4BPM9	0	0.00010135
AT1G80860	ATR13_MAKS9	0	0.00011019
AT3G09630	M4B236	0	0.00010059
AT2G44010	M4B236	0	0.0001022
AT1G27008	A0A090BBF7	0	0.00010062
AT5G58570	A0A090BFF0	0	9.9746e-05
AT1G08370	A0A090C2T2	0	0.00010019
AT3G32280	HaRxL143	0	0.00010295
AT2G25690	A0A090BH79	0	0.00010092
AT4G25433	M4BS84	0	0.00010536
AT4G02730	A0A090BBZ9	0	0.00011961
AT5G46310	A0A090B8T8	0	0.00010323
AT5G54310	A0A090BFT0	0	0.00010301
AT3G15420	M4C0H2	0	0.0001015
AT5G17890	G3C9P7	0	0.00010409
AT3G22110	A0A090C2R7	0	0.00010812
AT3G12770	HARXL60	0	0.00010064
AT2G42270	M4BWJ0	0	0.00010235
AT5G42890	A0A090BFF0	0	9.9628e-05
AT2G41473	HARXL67	0	9.9938e-05
AT5G36950	M4BAV3	0	0.0001018
AT3G45830	HaRxL146	0	0.00010096
AT2G02490	A0A090C2T4	0	0.00011351
AT5G16220	A0A090BC03	0	0.00010171
AT5G07270	A0A090B8S3	0	0.00010334
AT4G29470	A0A090C2S7	0	9.9185e-05
AT1G54930	M4B9M9	0	0.00010642
AT3G57180	A0A090C2P4	0	9.9804e-05
AT3G52550	A0A090BBH9	0	0.00010528
AT5G54410	A0A090BFF6	0	0.00010149
AT4G21170	A0A090B911	0	0.00011397
AT2G38465	M4C6Q5	0	0.00011396
AT3G27840	HaRxL147	0	0.00012041
AT2G30430	M4BW44	0	0.00010517
AT1G22980	HaRxL143	0	0.00010055
AT2G35110	A0A090B8S3	0	0.00010075
AT1G22600	M4C6E4	0	0.00010161
AT3G18830	A0A090C2U8	0	0.00010029
AT3G59550	G3C9N0	0	0.00010439
AT2G31345	HARXL73	0	0.00010389
AT1G14570	G3C9P7	0	9.8764e-05
AT5G13140	A0A090BBL4	0	0.00010347
AT2G35510	M4BQH6	0	0.00010282
AT5G61280	A0A090BBZ9	0	0.00010213
AT3G03350	HARXLCRN15	0	0.00010383
AT1G24560	M4BYC3	0	0.00010015
AT5G43230	A0A090BBA9	0	0.00010053
AT1G55750	A0A090BHG0	0	0.00010017
AT3G26850	HARXL67	0	0.00010468
AT1G80090	M4C2S2	0	0.0001022
AT5G16860	HaRxL147	0	0.0001018
AT3G13720	M4BQV8	0	0.00012932
AT5G16850	M4BZ57	0	0.00010219
AT4G35783	A0A090C2P4	0	0.00010211
AT2G13540	M4BWJ0	0	0.00010132
AT5G57800	A0A090BBB3	0	0.00010095
AT5G47150	M4BPM9	0	0.00010065
AT3G01930	HARXL60	0	0.00010163
AT5G07490	A0A090BHJ0	0	0.00010598
AT5G02250	A0A090BH79	0	9.9907e-05
AT1G07510	A0A090BFT0	0	0.0001032
AT2G41130	A0A090B8Z8	0	0.00010824
AT4G00250	M4BQV8	0	0.00010105
AT3G13720	M4C6Q5	0	0.000137
AT5G39650	M4BAV3	0	0.00010255
AT5G42630	A0A090BHM5	0	0.00010303
AT2G39850	HARXL73	0	0.00010476
AT5G56075	A0A090C2Q7	0	0.0001046
AT4G27470	A0A090B8P8	0	0.00010039
AT5G02950	A0A090BFK6	0	0.00010086
AT3G01460	A0A090BHJ3	0	0.00010356
AT5G24750	HaRxL143	0	0.00010677
AT1G09000	A0A090C2Q7	0	0.00010676
AT1G21760	HARXL57	0	0.00010223
AT4G21190	HARXL65	0	0.0001188
AT5G13770	M4BM40	0	0.00010249
AT4G03950	A0A090BBM9	0	0.00010221
AT5G10380	A0A090BFF0	0	0.00010306
AT4G23895	HARXL60	0	0.00010369
AT5G21170	HARXL73	0	9.9549e-05
AT4G36820	AAX51201	0	0.00010143
AT1G19630	A0A090BH16	0	0.00010007
AT5G07760	A0A090BH16	0	0.00010007
AT2G36370	M4BQH6	0	0.00010346
AT1G35614	A0A090B911	0	0.00011597
AT5G66530	A0A090BBF7	0	9.9422e-05
AT1G34245	AAX51204	0	0.00010352
AT1G58060	A0A090C2W4	0	0.00010213
AT5G64160	A0A090B8S3	0	0.0001007
AT3G56510	HARXL67	0	0.00010158
AT3G22110	M4C6Q5	0	0.00010902
AT1G71420	AAX51204	0	0.00010387
AT1G71200	A0A090BEW7	0	0.00010144
AT4G34710	M4BVK3	0	0.00010236
AT3G07780	M4BF35	0	0.00011013
AT5G26810	HARXL18	0	0.00010131
AT5G48720	A0A090BBL4	0	0.00010919
AT5G03944	M4BM40	0	0.0001008
AT2G06520	HARXL60	0	0.00010154
AT5G56740	A0A090BBB3	0	0.00010174
AT2G41342	M4BCJ5	0	9.9002e-05
AT4G26450	G3C9N3	0	0.00010102
AT1G55325	A0A090C2W1	0	0.0001042
AT1G68725	A0A090B8T8	0	0.00010399
AT1G07870	ATR13_MAKS9	0	0.00014138
AT5G42380	HARXL89	0	0.00010432
AT3G24516	A0A090B911	0	0.00013275
AT5G20230	A0A090BC03	0	0.00010134
AT1G02065	M4BPM9	0	0.0001009
AT1G79360	M4BZU9	0	0.00010476
AT3G50650	HARXL16	0	0.0001003
AT5G18070	A0A090BFF0	0	9.9984e-05
ATCG00710	M4BZU9	0	0.00011109
AT1G09620	M4BZU9	0	0.00010089
AT3G24255	A0A090C2Q5	0	0.00010268
AT4G28520	G3C9S8	0	0.00011172
AT1G71420	M4C6E4	0	0.00010093
AT3G30222	A0A090C2V2	0	0.00010027
AT3G28030	A0A090C2P4	0	0.00010117
AT1G31970	M4B4Q6	0	0.00012088
AT1G13635	G3C9N3	0	0.00010104
AT3G63540	A0A090BFT0	0	9.9627e-05
AT2G33840	A0A090BHJ3	0	0.00010065
AT3G23370	A0A090B8Z8	0	0.00010369
AT5G19210	HARXL16	0	0.00012796
AT2G24830	A0A090BBM5	0	9.9723e-05
AT4G26970	M4BPM9	0	0.00013909
AT2G19893	ATR13_MAKS9	0	0.00010255
AT2G15860	M4C6E4	0	0.00010228
AT5G15340	A0A090B8P8	0	0.00010155
AT1G47470	M4C004	0	0.00010125
AT5G36670	A0A090C2Q5	0	0.00010345
AT1G76920	M4C3I0	0	0.0001147
AT5G40850	A0A090C2R7	0	0.00010414
AT5G12900	ATR13_MAKS9	0	0.00011322
AT5G64570	M4BVK3	0	0.00010898
AT2G26340	M4BZ57	0	9.9611e-05
AT5G64830	A0A090B8T8	0	0.00010041
AT5G41080	A0A090BFF6	0	0.00010114
AT2G13125	M4BF35	0	0.00010251
AT4G02550	M4BYC3	0	9.9552e-05
AT1G53640	HARXL60	0	0.00010247
AT1G76100	A0A090BHJ0	0	0.00010271
AT4G08351	A0A090BBF7	0	9.8673e-05
AT2G27310	A0A090BBF7	0	9.9851e-05
AT4G24140	M4BQH6	0	0.00010942
AT3G06580	A0A090C2Q5	0	0.00010514
AT3G60680	A0A090BF57	0	0.00010229
AT4G28706	M4BS62	0	0.00010198
AT1G36950	A0A090B8N4	0	0.00010526
AT4G37022	HARXL60	0	0.00010381
AT2G44510	A0A090BBA9	0	0.00010044
AT1G19630	A0A090BBH9	0	0.00010258
AT5G61100	A0A090BBB3	0	0.00012096
AT4G15750	HaRxLL492	0	0.00010248
AT1G53705	A0A090BHG5	0	9.9039e-05
AT1G50420	A0A090BFF0	0	0.00010057
AT3G03720	HARXL57	0	0.00010085
AT1G12260	HARXL65	0	0.00010658
AT1G72645	A0A090C2Q9	0	9.8566e-05
AT4G09360	A0A090BBM5	0	0.00010108
AT1G47770	A0A090BFK6	0	0.00010015
AT1G12244	HaRxL149	0	0.0001018
AT1G48370	A0A090BFT0	0	0.00010153
AT2G44510	HaRxL147	0	0.00010227
AT5G36870	M4C099	0	0.00010139
AT4G17680	A0A090C2R7	0	0.00010072
AT4G33150	G3C9P7	0	9.972e-05
AT5G54440	M4C6E4	0	0.00010085
AT5G55100	A0A090C2U8	0	0.00010546
AT5G56510	HARXL18	0	0.00010275
AT4G15010	A0A090BBB3	0	0.00010193
AT3G46100	A0A090BFF0	0	0.0001005
AT4G14104	A0A090BH79	0	0.0001006
AT2G30280	A0A090C2Q9	0	0.00010429
AT5G07270	A0A090BHM5	0	0.00010218
AT3G15095	M4BS84	0	0.0001017
AT4G12600	HaRxLL492	0	9.9856e-05
AT2G18510	M4BYC3	0	0.00010157
AT5G03580	A0A090BH65	0	0.0001024
AT5G53930	A0A090BHE7	0	0.00010373
AT3G21450	F6MF03	0	0.00010139
AT1G57540	A0A090C2T4	0	0.00010568
AT5G57800	F6MF03	0	9.9897e-05
AT5G64920	A0A090C2T4	0	0.00011298
AT5G13760	A0A090B8S3	0	0.00010103
AT1G50420	M4BAV3	0	0.00010298
AT2G34710	A0A090B8F6	0	9.9292e-05
AT3G63400	HARXLL464	0	0.00010675
AT4G21860	A0A090C2T2	0	0.00010109
AT4G26450	M4C6Q5	0	0.00010168
AT1G44608	M4BWJ0	0	0.00010354
AT3G53230	G3C9S8	0	0.00039742
AT1G43970	M4BM35	0	0.00010051
AT2G32460	A0A090BFK6	0	0.00011337
AT5G15820	M4B9M9	0	0.00010244
AT4G02150	A0A090C2Q5	0	0.067502
AT4G30480	G3C9S8	0	0.00024809
AT3G19700	A0A090BHG5	0	0.0001064
AT2G13360	M4C004	0	0.00010844
AT4G25720	A0A090BBD0	0	0.00010223
AT5G17200	A0A090BHE7	0	0.00010287
AT3G03130	M4C0H2	0	0.00010258
AT5G63540	A0A090B857	0	0.00010008
AT4G30070	M4C099	0	0.00010281
AT2G22250	M4BVT8	0	0.00012671
AT5G62710	HARXL39	0	0.0001054
AT2G31240	HARXL57	0	0.11179
AT3G54500	M4BM40	0	0.00010023
AT1G23180	A0A090BBZ9	0	0.0001034
AT2G37330	A0A090C2V2	0	0.0001009
AT1G77930	G3C9N3	0	9.9796e-05
AT3G56850	A0A090C2T4	0	0.00010135
AT2G34200	A0A090C2W4	0	0.00010268
AT5G56100	M4C004	0	0.00010278
AT1G17970	A0A090BEW7	0	0.00010603
AT3G10410	A0A090B857	0	0.00010448
AT1G02450	F6MF03	0	0.00010271
AT2G23290	M4BX77	0	0.00010244
AT2G01918	A0A090B857	0	0.00010042
AT5G56290	A0A090BF22	0	0.00010055
AT1G74088	A0A343JGY0	0	0.00012906
AT5G12130	A0A343JGX2	0	0.00010402
AT4G34490	A0A2L0WUE9	0	0.00011071
AT2G42200	A0A2L0WUE9	0	0.00012077
AT2G30240	XP_011548876	0	0.0001063
AT4G12950	XP_011548876	0	0.00010492
AT5G65620	XP_011548876	0	0.00011901
AT1G72450	A0A830UG35	0	9.9622e-05
AT1G20760	A0A0Q0BR87	0	0.00010043
AT4G20160	HopBB1_Pmo_M301020	0	0.00010077
AT5G01900	Q48Q39	0	0.00010173
AT1G26090	AvrB2_Pgy_R0	0	0.0042788
AT2G34360	HopQ1_1_Pto_DC3000	0	0.00010334
AT5G64830	Q9L6W7	0	0.00010854
AT5G62670	A0A5E9MMC8	0	0.00010061
AT3G22110	A0A0Q0BYM9	0	0.0001072
AT1G13110	AAO54897	0	0.00010113
AT5G01140	HopQ1_1_Pto_DC3000	0	0.00010042
AT1G10910	AvrRps4_Pph_1448A	0	0.00010011
AT3G51820	HopC1_Pto_DC3000	0	0.00010345
AT2G32220	A0A3M5Z250	0	0.00013783
AT1G62820	Q48Q39	0	0.00010104
AT3G23930	AAO54046	0	0.0001055
AT1G68110	G3XCJ1	0	0.00010254
AT5G04520	HopA1_Pto_DC3000	0	9.957e-05
AT4G27520	Q9L6W7	0	0.00022586
AT3G19330	A0A0Q0C3Y5	0	0.00010257
AT2G47930	A0A3M5YD28	0	0.00010892
AT3G19180	HopQ1_1_Pto_DC3000	0	0.00010303
AT1G22620	A0A0Q0HUJ4	0	9.9507e-05
AT1G21975	A0A0Q0C3Y5	0	0.00010801
AT3G02580	G3XCJ1	0	0.00010229
AT2G27230	G3XCJ1	0	0.00010057
AT2G18910	A0A3M5Z250	0	0.00012516
AT1G60340	A0A0Q0BYM9	0	0.00010023
AT2G18900	HopQ1_1_Pto_DC3000	0	0.0001037
AT3G61390	A0A3M5Z250	0	0.00010268
AT4G03140	AAO54897	0	0.00010064
AT2G31460	AvrB2_Pgy_R0	0	0.00010211
AT2G28900	A0A5E9MMC8	0	0.00011148
AT5G60040	AvrRps4_Pph_1448A	0	0.00010414
AT5G18475	AAR02168	0	9.9853e-05
AT2G31290	AvrB2_Pgy_R0	0	0.00010031
AT3G11130	Q7PC62	0	0.15139
AT2G42860	A0A0Q0C0B3	0	0.00010215
AT3G59300	A0A0Q0BFQ8	0	9.9115e-05
AT5G16710	HopC1_Pto_DC3000	0	0.00010022
AT2G17050	Q48NG8	0	0.00010412
AT5G04110	A0A0Q0BE93	0	0.00010203
AT3G15280	AAR02168	0	0.00010378
AT3G21730	HopC1_Pto_DC3000	0	0.00010159
AT3G09690	HopAR1_Pph_1302A	0	0.00010173
AT5G63160	A0A0Q0C3Y5	0	0.00010319
AT1G68540	Q9F0H0	0	0.00010447
AT1G72580	A0A0Q0BE93	0	0.00010222
AT3G13280	AvrPto1_Pla_107	0	0.00010206
AT3G09310	HopQ1_1_Pto_DC3000	0	9.986e-05
AT1G48420	A0A5E9MMC8	0	0.00010254
AT5G18475	Q4ZX49	0	0.00010598
AT1G60010	Q7PC45	0	0.00010102
AT3G02480	AAO54410	0	0.00010167
AT5G11280	Q7PC62	0	0.0001008
AT1G51740	A0A0Q0C3Y5	0	0.00010491
AT1G73120	AAL84239	0	0.00010245
AT2G02090	A0A0Q0BFQ8	0	0.00010091
AT5G58560	A0A0Q0C3Y5	0	0.00010249
AT1G15930	HopC1_Pto_DC3000	0	0.00010601
AT5G55590	Q9L6W7	0	0.00012095
AT2G04060	A0A3M5YD28	0	0.00010934
AT1G80900	HopZ3_Paf_DSM5025	0	0.00010002
AT3G13960	A0A0Q0C0B3	0	0.00010131
AT3G52090	A0A0Q0C0B3	0	0.00010356
AT1G29460	HopBB1_Pmo_M301020	0	9.9795e-05
AT4G26040	AAX51198	0	0.00010224
AT4G17680	A0A3M5YD28	0	0.80255
AT1G03990	AvrB2_Pgy_R0	0	0.00010095
AT2G38470	A0A0Q0BE93	0	0.00010069
AT5G27740	A0A3M5Z250	0	0.00010473
AT5G45030	AAO58163	0	0.00010053
AT1G11930	Q4ZX82	0	0.00010991
AT5G01110	HopA1_Pto_DC3000	0	0.00010122
AT5G66450	A0A0Q0BE93	0	0.00011232
AT3G16050	A0A3M5Z250	0	0.00010749
AT2G38100	AAO54046	0	0.00010045
AT4G32780	Q4ZX82	0	9.9804e-05
AT2G25690	A0A0Q0BFQ8	0	0.00010056
AT2G31345	AvrRps4_Pph_1448A	0	0.00012707
AT1G74820	HopQ1_1_Pto_DC3000	0	0.00010148
AT4G14805	A0A0Q0BFQ8	0	0.00010248
AT4G24290	A0A0Q0HUJ4	0	9.9502e-05
AT3G06810	HopAR1_Pph_1302A	0	0.00010027
AT1G01040	AAO54410	0	0.00010335
AT3G12630	Q4ZX49	0	0.00010082
AT3G29575	HopC1_Pto_DC3000	0	0.00010275
AT1G72450	A0A0Q0C0B3	0	0.00010256
AT3G44660	Q4ZX49	0	0.00010255
AT3G06090	A0A3M5YD28	0	0.00010882
AT4G02810	AAO54046	0	0.00010126
AT2G45630	A0A0Q0HUJ4	0	0.00010159
AT5G46310	A0A0Q0D8A1	0	0.00010143
AT3G52310	HopAR1_Pph_1302A	0	0.00011411
AT4G05000	Q4ZX49	0	0.00010229
AT3G42170	AAO54897	0	9.942e-05
AT1G32200	Q7PC45	0	0.00010222
AT1G65490	AvrB2_Pgy_R0	0	0.00010393
AT3G13227	Q48Q39	0	9.9467e-05
AT3G21220	A0A0Q0D8A1	0	0.00010091
AT1G07615	Q48Q39	0	0.00010525
AT1G02965	AAO54897	0	9.9149e-05
AT3G43420	AAO54410	0	0.00010227
AT2G44710	A0A0Q0C0B3	0	0.00010156
AT1G25310	A0A0Q0D8A1	0	0.00010198
AT2G32885	HopZ3_Paf_DSM5025	0	0.00011214
AT3G50960	A0A0Q0D8A1	0	0.00010148
AT5G50410	AvrB2_Pgy_R0	0	0.00036774
AT3G10870	AAR02168	0	0.00010247
AT3G62920	A0A0Q0D8A1	0	0.00010394
AT5G62270	AAO54046	0	0.0001008
AT3G31950	Q7PC45	0	0.00010201
ATMG00820	ADQ74895	0	0.00010389
AT4G16270	AAB51082	0	0.00010635
AT2G22840	Q7PC45	0	0.00010316
AT3G54500	A0A0Q0BE93	0	0.0001007
AT5G08310	AAO54440	0	0.00010772
AT1G32340	AAO54046	0	0.00010154
AT2G21370	AAO54410	0	0.00010227
AT2G27060	A0A0Q0BFQ8	0	0.00010363
AT1G66080	AvrRps4_Pph_1448A	0	0.00010112
AT1G80150	AAR02168	0	9.9704e-05
AT1G60340	AAO54440	0	0.00010026
AT4G07350	HopA1_Pto_DC3000	0	0.00010007
AT4G14250	A0A0Q0HUJ4	0	9.9609e-05
AT1G64750	G3XCJ1	0	9.9938e-05
AT2G30160	HopZ3_Paf_DSM5025	0	0.00010081
AT2G18540	HopF3_Pph_1448A	0	0.00010163
AT2G33250	A0A3M5Z250	0	0.00010198
AT1G33480	A0A3M5YD28	0	0.00010511
AT3G15355	Q7PC45	0	0.00010303
AT1G05615	A0A3M5YD28	0	9.9975e-05
AT4G29920	Q48Q39	0	0.00010211
AT5G62670	A0A3M5Z250	0	0.0001017
AT3G07780	A0A0Q0BE93	0	9.9819e-05
AT4G30310	A0A0Q0BE93	0	0.00010648
AT1G15385	AAB51082	0	0.00027044
AT2G16930	AAL84239	0	0.00010017
AT5G63150	Q9F0H0	0	0.00010212
AT2G35940	Q9L6W7	0	0.00010634
AT4G37480	A0A0Q0HUJ4	0	9.9719e-05
AT5G65840	HopZ3_Paf_DSM5025	0	9.9937e-05
AT5G49100	A0A0Q0D8A1	0	9.9448e-05
AT3G02740	Q4ZX82	0	0.00010167
AT3G60550	Q9L6W7	0	0.00010762
AT2G14110	A0A0Q0C0B3	0	0.00010195
AT2G35940	Q48Q39	0	0.00010041
AT2G28320	AAO58163	0	0.00010007
AT5G62030	AvrRps4_Pph_1448A	0	0.00010163
AT3G56430	Q9L6W7	0	0.00010805
AT5G08120	AAR02168	0	0.00011113
AT1G03055	A0A0Q0HUJ4	0	0.00010097
AT4G00755	HopF3_Pph_1448A	0	0.00010028
AT1G78476	AAO54410	0	0.000101
AT4G13010	HopZ3_Paf_DSM5025	0	0.00010389
AT4G21400	HopC1_Pto_DC3000	0	0.00010566
AT3G04950	AAB51082	0	0.00010365
AT1G22600	Q4ZX49	0	0.00010063
AT1G49780	G3XCJ1	0	0.00010254
AT1G30320	HopQ1_1_Pto_DC3000	0	0.00010234
AT5G44150	AAX51198	0	0.00010073
AT1G27710	Q4ZX82	0	0.0001033
AT5G06780	Q9L6W7	0	0.00010796
AT1G67570	Q4ZX82	0	0.00010238
AT5G57250	HopA1_Pto_DC3000	0	0.00010135
AT2G24950	AAO58163	0	0.00010164
AT4G20290	Q9L6W7	0	0.00011371
AT1G18440	A0A0Q0C0B3	0	0.00012969
AT1G54920	HopF3_Pph_1448A	0	0.00010289
AT1G13980	AAO54410	0	0.00010395
AT3G49530	A0A0Q0BYM9	0	0.00010645
AT1G36510	HopAR1_Pph_1302A	0	0.00010009
AT5G03070	AvrRps4_Pph_1448A	0	0.050764
AT3G60660	HopF3_Pph_1448A	0	0.00010079
AT2G41820	Q9L6W7	0	0.00013797
AT5G01140	AAO58163	0	0.00010032
AT1G15880	AAO54046	0	0.00010101
AT2G32980	Q9L6W7	0	0.00010847
AT5G66360	HopC1_Pto_DC3000	0	0.00010111
AT3G45850	HopQ1_1_Pto_DC3000	0	0.0004247
AT3G59300	AAR02168	0	9.9051e-05
AT2G23200	A0A0Q0BFQ8	0	0.00010426
ATCG00140	HopQ1_1_Pto_DC3000	0	0.00010356
AT4G32650	AAO54897	0	0.00010019
AT1G44446	A0A223GPS0	0	9.9912e-05
AT2G37680	A0A454TV64	0	0.00010197
AT3G26370	A0A454TVA2	0	0.00010005
AT5G43280	A0A223GPS0	0	0.00010245
AT2G25600	RSc2130	0	0.00010159
AT5G39470	A0A454TY08	0	0.00010036
AT1G10460	A0A223GPS0	0	0.00010134
AT5G43490	A0A454TQA3	0	0.00010037
AT3G15420	A0A454TRM6	0	0.00010231
AT1G51580	A0A454TQA3	0	0.00012467
AT2G37690	RSp0160	0	0.00012329
AT1G78600	A0A454TRM6	0	0.00010244
AT5G14850	RSc1357	0	0.00011649
AT1G64770	A0A454TVA2	0	9.9373e-05
AT2G28940	RSc1386	0	0.00010455
AT2G20960	RSc2130	0	0.00010146
AT5G60250	A0A454TY08	0	0.00010109
AT4G11653	A0A454TRM6	0	0.00010098
AT5G54095	RSp1475	0	0.00010057
AT3G10380	A0A454TQA3	0	0.00010366
AT5G58005	A0A223GUV0	0	0.00010452
AT4G24600	RSp1601	0	0.00010104
AT1G24590	A0A454TQA3	0	0.00010062
AT4G32260	A0A454TVA2	0	0.00010414
AT4G09490	A0A223GPS0	0	0.00010092
AT5G64930	A0A454TVA2	0	0.00010267
AT5G16100	A0A223GPS0	0	0.00010104
AT1G47770	RSp0160	0	9.9532e-05
AT1G05290	A0A454TJY5	0	0.00010071
AT5G48000	RSp1601	0	0.00010181
AT1G74460	RSc3290	0	0.00010015
AT1G26170	RSp1475	0	0.00010634
AT2G45910	A0A454TQA3	0	0.00010546
AT1G62330	A0A454TX48	0	0.00010025
AT1G63950	RSp0304	0	0.0001031
AT2G27680	A0A454TRM6	0	0.00010065
AT1G78300	A0A454TLJ2	0	0.99534
AT5G46020	A0A454TJY5	0	0.00010962
AT2G30630	RSc1357	0	0.00010392
AT3G29010	A0A454TY08	0	9.9237e-05
AT5G23550	A0A454TLJ2	0	0.00011277
AT2G12945	RSc1349	0	0.00010595
AT4G07990	A0A223GUV0	0	0.00010089
AT3G01930	RSp0160	0	0.00010159
AT3G18790	RSp1601	0	0.00010123
AT1G03730	RSc1349	0	0.00010426
AT5G01881	A0A454TRS1	0	0.00010159
AT2G37910	RSc1386	0	0.00010082
AT5G01640	RSc1357	0	0.00019214
AT1G68810	A0A454TRM6	0	0.00010104
AT5G01720	RSp0304	0	0.0001005
AT4G07350	A0A454TX48	0	0.0001002
AT4G31300	RSc1349	0	0.00011864
AT5G26114	A0A454TY08	0	9.9961e-05
AT3G29180	A0A454TY08	0	9.9541e-05
AT3G17440	A0A223GUV0	0	0.00010021
AT1G51480	RSp1601	0	0.00010433
AT5G19270	A0A454TX48	0	9.9731e-05
AT1G30515	RSp0160	0	0.00010241
AT1G03475	RSc3290	0	0.00010028
AT1G09760	RSc1357	0	0.00010102
AT5G13810	A0A223GPS0	0	0.00010039
AT1G59690	A0A223GPS0	0	0.00010093
AT1G13870	RSp1475	0	0.00012022
AT3G46610	RSp0160	0	0.00010035
AT3G28223	A0A454TRS1	0	0.00010269
AT2G03390	A0A454TQA3	0	0.00010678
AT3G10530	A0A454TVA2	0	0.00010671
AT3G23220	A0A454TRM6	0	0.0001005
AT1G56070	A0A454TX48	0	0.00011742
AT3G49060	RSc1357	0	0.00010522
AT4G16790	A0A454TY08	0	0.00010056
AT1G28690	RSc1357	0	0.00011792
AT5G62710	A0A223GUV0	0	0.00010929
AT5G14105	A0A454TQA3	0	0.00010354
AT3G09710	RSp0160	0	0.00010042
AT5G59050	RSp0160	0	0.00010043
AT1G48120	RSc3290	0	0.00013346
AT2G29605	RSp0304	0	0.00010014
AT3G13910	A0A223GPS0	0	0.00010246
AT1G34320	RSc1386	0	0.00050477
AT1G15440	A0A454TY08	0	0.00010353
AT2G27300	A0A454TRS1	0	0.0001124
AT3G59610	RSc1357	0	0.00011324
AT5G57770	RSc1386	0	0.0001009
ATCG00640	RSc1386	0	0.00010066
AT5G28310	RSc1349	0	0.00010519
AT4G24840	A0A223GPS0	0	0.00010185
AT3G15210	RSc1357	0	0.00010412
AT1G62886	A0A454TJY5	0	0.00010094
AT5G48370	A0A223GUV0	0	0.00012383
AT5G65720	RSp0304	0	0.00010156
AT2G34360	RSc1357	0	0.00011528
AT1G03720	A0A454TLJ2	0	0.00011127
AT4G18425	RSc1349	0	0.00010089
AT5G16220	A0A223GUV0	0	0.00010016
AT2G31440	RSp0304	0	0.00010352
AT3G45230	RSp1475	0	0.00010813
AT2G42870	A0A454TQA3	0	0.0003437
AT5G49800	RSc3290	0	0.00010346
AT1G13110	RSc1386	0	0.00010875
AT5G55040	A0A454TQA3	0	9.9757e-05
AT2G33250	RSp1475	0	0.00010041
AT1G29600	A0A454TY08	0	0.00010025
AT2G39170	A0A454TJY5	0	0.00010098
AT3G17770	A0A454TQA3	0	0.00010893
AT1G74690	RSc1386	0	0.00010422
AT5G03944	RSc1386	0	9.9374e-05
AT5G51100	RSp1475	0	0.00010102
AT1G21350	A0A454TX48	0	0.00010097
AT1G50530	A0A454TQA3	0	0.00010184
AT2G15860	A0A454TQA3	0	9.9689e-05
AT1G68140	RSc1386	0	0.0001002
AT3G29070	A0A454TVA2	0	0.00010311
AT3G02790	RSc1357	0	0.00010114
AT3G12530	RSc2130	0	9.9547e-05
AT3G17320	A0A454TRS1	0	0.00010224
AT1G54700	RSp0160	0	0.00010019
AT3G59300	RSp1601	0	9.9378e-05
AT5G65840	A0A454TV64	0	0.00010287
AT5G01110	A0A454TRM6	0	0.00010055
AT1G19690	A0A454TRS1	0	0.00010162
AT1G35435	A0A454TX48	0	0.00010355
AT5G52160	RSp1601	0	0.00010607
AT1G43690	A0A223GUV0	0	0.0001001
AT1G67280	A0A223GPS0	0	0.00010564
AT3G62770	RSc2130	0	0.00010674
AT3G02790	A0A223GPS0	0	0.00010133
AT2G42955	A0A454TX48	0	0.00010116
AT3G57180	RSp0304	0	0.00010847
AT4G34270	A0A454TJY5	0	9.9555e-05
AT5G50915	RSc1349	0	0.00016834
AT3G56510	RSc3290	0	0.00010022
AT1G23280	RSp1475	0	9.9911e-05
AT4G28600	A0A454TX48	0	0.0001062
AT3G14480	A0A454TV64	0	0.00010159
AT3G16020	A0A454TVA2	0	0.00010116
AT5G34870	A0A454TJY5	0	0.00010023
AT5G56070	RSp0304	0	0.0001044
AT5G60620	A0A454TV64	0	0.00010203
AT5G49440	A0A454TRM6	0	9.9614e-05
AT4G17680	A0A454TLJ2	0	0.0001525
AT5G64810	RSc3290	0	0.00010382
AT1G16290	A0A454TX48	0	9.9528e-05
AT3G25060	A0A223GPS0	0	0.00010375
AT5G08280	RSc3290	0	0.00010614
AT2G23840	A0A454TVA2	0	0.00010326
AT5G64670	RSc1349	0	0.00010146
AT5G17720	A0A454TY08	0	0.00010455
AT4G00730	A0A454TY08	0	0.014197
AT5G13760	A0A454TQA3	0	0.00010106
AT1G17560	A0A454TQA3	0	0.00010003
AT2G24830	RSc3290	0	0.0001001
AT4G18170	A0A454TJY5	0	0.00010036
AT5G27750	RSc3290	0	0.00010205
AT5G64090	A0A454TX48	0	9.967e-05
AT4G15390	RSp1475	0	9.9712e-05
AT5G42790	RSc1386	0	0.00010773
AT2G46990	RSc2130	0	0.00011265
AT1G68110	RSc3290	0	0.00010159
AT2G20830	A0A223GPS0	0	0.00010009
AT5G66820	RSc1349	0	0.00010238
AT5G64080	RSp1601	0	0.00010304
AT4G38560	RSc3290	0	9.9692e-05
AT2G30680	RSp1601	0	0.00010093
AT3G17320	A0A454TRM6	0	0.00010079
AT3G04500	RSc1349	0	0.0001002
AT1G72560	A0A454TJY5	0	0.00011012
AT1G68740	A0A454TV64	0	0.00010246
AT3G16160	RSc1349	0	0.0001014
AT3G26560	A0A454TJY5	0	0.00025703
AT1G67856	RSc3290	0	0.00010621
AT5G05510	A0A223GPS0	0	0.00010136
AT3G13800	A0A454TVA2	0	0.00010153
AT1G35830	A0A454TQA3	0	9.9431e-05
AT2G14110	RSc1349	0	0.00010145
AT5G58200	A0A454TVA2	0	0.00010646
AT1G73050	RSc1349	0	0.0001035
AT1G19640	RSp0304	0	9.9545e-05
AT4G15563	A0A454TX48	0	0.0001012
AT2G10535	A0A454TLJ2	0	0.00010429
ATMG00680	A0A454TV64	0	0.00010257
AT2G40570	A0A223GUV0	0	0.00010098
AT4G28600	A0A454TV64	0	0.00012063
AT2G45200	RSp0304	0	0.00010069
AT5G19320	A0A454TX48	0	9.9582e-05
AT4G38150	RSp0160	0	9.9832e-05
AT5G50230	RSc1349	0	0.00016458
AT4G10060	A0A454TQA3	0	0.00010156
AT3G24516	RSc1357	0	0.00010252
AT2G14820	A0A454TY08	0	9.9981e-05
AT5G15820	RSc3290	0	0.00010028
AT3G63010	A0A454TRM6	0	0.00010099
AT5G04110	A0A454TJY5	0	0.00010147
AT3G17810	RSc2130	0	0.00010055
AT5G65205	RSp1475	0	0.00010188
AT4G09750	A0A454TX48	0	0.00010191
AT2G35130	RSc1357	0	0.00011302
AT2G19650	A0A223GUV0	0	0.00010304
AT5G60230	RSc1349	0	0.00010097
AT3G44755	A0A454TJY5	0	9.957e-05
AT1G22600	RSc1357	0	0.00010303
AT4G01310	RSp1475	0	0.00010037
AT1G64770	A0A454TRM6	0	0.00010014
AT1G54420	A0A454TX48	0	9.9116e-05
AT3G42160	A0A454TY08	0	9.9172e-05
AT4G21800	A0A454TRS1	0	0.00010489
AT1G74470	RSp1601	0	0.00010331
AT1G14560	A0A454TRS1	0	0.00010291
AT5G22270	RSc1349	0	0.00010353
AT3G27310	A0A454TJY5	0	0.00010016
AT2G26570	A0A223GUV0	0	0.00010032
AT4G12760	RSp1475	0	9.9488e-05
AT3G55160	RSc3290	0	0.00010243
ATMG00130	A0A454TQA3	0	0.00010203
AT1G69830	RSc2130	0	0.00010042
AT1G52990	A0A454TRM6	0	0.00010113
AT1G12020	A0A454TLJ2	0	0.00010196
AT1G51920	A0A454TLJ2	0	0.00010488
AT5G19930	RSp0160	0	0.00010287
AT5G03450	RSc1386	0	0.00010698
AT2G04066	RSp0160	0	0.00010127
AT5G17890	A0A454TVA2	0	0.00011031
AT1G79070	A0A454TRM6	0	0.00010068
AT2G26950	A0A454TQA3	0	0.0001009
AT2G41230	RSc1349	0	0.00010444
AT4G15475	RSp0304	0	9.9904e-05
AT4G33510	A0A454TX48	0	0.00010305
AT3G09710	RSp0304	0	9.9961e-05
AT3G22960	A0A223GPS0	0	0.00010641
AT5G58410	A0A223GUV0	0	0.00010422
AT1G61190	A0A223GPS0	0	0.00010913
AT3G12880	A0A454TRM6	0	0.00010063
AT3G04760	A0A454TVA2	0	9.949e-05
AT3G54810	RSc1386	0	0.00010131
AT1G67320	RSp0160	0	0.00010205
AT1G16630	RSp0304	0	0.00010183
AT3G13440	A0A454TV64	0	0.00010367
AT4G05475	RSc3290	0	0.00010269
AT5G06210	A0A454TVA2	0	0.00010011
AT1G11190	A0A454TLJ2	0	0.00010525
AT4G30070	A0A223GPS0	0	0.00010168
AT4G21800	RSc2130	0	0.0013876
AT4G08691	RSp0160	0	0.00010093
AT5G01170	A0A454TRS1	0	0.0001005
AT5G59050	A0A454TX48	0	9.979e-05
AT3G54600	A0A454TJY5	0	0.00010304
AT3G42170	A0A454TX48	0	9.9659e-05
AT1G67350	RSc2130	0	0.0001003
AT1G49780	A0A223GUV0	0	0.00010148
AT3G24530	A0A454TJY5	0	0.00014949
AT2G44065	A0A454TRM6	0	0.00010096
AT4G17680	A0A454TRM6	0	0.00010291
AT3G55390	A0A454TQA3	0	0.00010228
AT3G07780	A0A454TQA3	0	0.00010055
AT3G61360	A0A454TX48	0	0.00010511
AT5G49960	A0A223GPS0	0	0.00010164
AT5G44750	A0A223GPS0	0	0.00010343
AT2G17990	A0A454TRS1	0	0.00012093
AT2G42820	A0A454TQA3	0	0.00010302
AT4G25550	A0A223GUV0	0	0.00010356
AT5G05680	RSc1357	0	0.00011919
AT1G31620	A0A223GUV0	0	0.00010175
AT4G12340	A0A454TVA2	0	0.00010125
AT5G67130	RSc1386	0	0.00010195
AT1G49975	A0A454TQA3	0	0.00010704
AT1G08170	RSp1601	0	0.00010221
AT1G55540	RSp0160	0	0.0001055
AT3G54870	A0A454TRS1	0	0.00018542
AT3G62700	A0A454TQA3	0	0.00010294
AT5G26720	A0A454TJY5	0	9.9917e-05
AT4G22000	A0A454TJY5	0	0.00010241
AT2G26570	A0A454TV64	0	0.00010198
AT3G58630	A0A223GPS0	0	0.00011075
AT3G45900	A0A454TRS1	0	0.00010035
AT2G42120	RSc1386	0	9.9145e-05
AT5G54590	A0A454TRM6	0	0.00010344
AT4G28690	A0A454TY08	0	0.00010022
AT5G04120	A0A454TQA3	0	0.00010123
AT4G21860	RSc2130	0	0.00010153
AT1G18280	A0A454TY08	0	0.00010051
AT5G64830	RSp0160	0	9.9149e-05
AT3G21060	A0A223GPS0	0	0.00010259
AT5G25520	RSc3290	0	9.9733e-05
AT4G19040	RSc1357	0	0.00010332
AT3G20340	A0A454TX48	0	0.00010526
AT1G73550	RSp1475	0	0.0001045
AT4G02715	RSp1475	0	9.9148e-05
AT4G08351	RSc1357	0	0.00010229
AT1G09230	RSp1475	0	9.9595e-05
AT1G13590	RSc1357	0	0.00012321
AT4G15953	A0A223GUV0	0	0.00010088
AT2G43180	A0A223GUV0	0	0.00010113
AT5G58360	A0A454TLJ2	0	0.00010521
AT3G53230	A0A223GUV0	0	0.00010388
AT4G20130	RSp0160	0	0.00010639
AT1G79830	RSc3290	0	0.00010337
AT3G49530	A0A454TX48	0	0.00010672
AT1G17300	A0A454TRM6	0	9.9591e-05
AT2G36900	A0A454TY08	0	9.9629e-05
AT4G33070	RSc1357	0	0.00011134
AT5G06600	RSc3290	0	0.00010195
AT3G24810	A0A223GUV0	0	0.00010076
AT3G62370	RSp1601	0	0.0001008
AT4G02870	A0A454TX48	0	0.00010014
AT5G39650	A0A454TVA2	0	0.00010034
AT2G21640	RSp1475	0	0.00010157
AT1G51550	RSc2130	0	0.00010326
AT2G47600	A0A223GPS0	0	0.00010272
AT1G26910	RSc1349	0	0.0001036
AT1G79040	RSc1386	0	0.00010067
ATMG00820	RSc3290	0	0.00010447
AT2G33350	A0A454TLJ2	0	0.00010152
AT1G68810	A0A223GPS0	0	0.00010026
AT1G11340	RSc1349	0	0.00010754
AT5G16710	A0A454TLJ2	0	0.00010159
AT5G23540	A0A454TRS1	0	0.0001383
AT5G22310	A0A454TQA3	0	0.00010628
AT3G46470	A0A454TV64	0	0.00010132
AT4G03260	A0A454TRM6	0	0.00010105
AT1G19115	A0A454TRM6	0	0.00010002
AT1G19740	RSc1349	0	0.00010049
AT4G31630	A0A454TRS1	0	0.00010214
AT5G04410	RSp0160	0	0.00011256
AT1G05960	A0A454TV64	0	0.00010901
AT2G36410	A0A223GPS0	0	0.00010518
AT3G43850	RSc3290	0	0.00010223
AT1G73350	A0A454TRM6	0	0.00010077
AT4G11070	A0A454TRS1	0	0.00010103
AT3G47870	RSc2130	0	0.00010171
AT2G30240	RSc1357	0	0.00010514
AT3G22200	RSc1349	0	0.00010447
AT1G33350	RSc1349	0	0.00010072
AT3G12920	A0A454TLJ2	0	0.00066863
AT2G10608	RSc3290	0	0.0001202
AT1G14755	A0A223GPS0	0	0.00010197
AT1G79790	A0A223GPS0	0	0.00010044
AT3G01930	A0A454TY08	0	0.00010151
AT5G54400	A0A454TLJ2	0	0.00010319
AT4G16410	RSc3290	0	0.0001015
AT5G07890	RSp0304	0	0.00010125
AT3G49725	RSc2130	0	0.0012004
AT3G59040	RSc1386	0	0.00010456
AT5G65610	A0A223GUV0	0	0.00010133
AT1G14688	A0A454TV64	0	0.00010309
AT1G61680	RSc1357	0	0.00010044
AT4G32970	RSc1349	0	0.00010039
AT5G12190	A0A454TJY5	0	0.00010435
AT2G17060	RSc2130	0	0.00011483
AT5G14580	RSp1475	0	0.00013065
AT3G42550	A0A454TQA3	0	0.00010249
AT1G29041	RSp0304	0	0.00010082
AT4G14010	A0A454TJY5	0	0.00010294
AT4G24840	A0A454TX48	0	0.00010267
AT5G58440	RSc2130	0	0.00010113
AT3G52260	A0A223GPS0	0	0.0001017
AT4G04960	RSc1386	0	0.00010338
AT3G01030	RSp1475	0	9.9591e-05
AT5G62430	A0A454TV64	0	0.00010296
AT5G39950	A0A454TVA2	0	0.00010453
AT4G21800	RSp1475	0	0.00014468
AT2G42690	RSc1349	0	0.00010032
AT1G58225	A0A454TV64	0	0.00010457
AT5G23400	A0A223GUV0	0	0.00010081
AT1G14560	RSp1475	0	0.00010012
AT4G20040	A0A454TV64	0	0.00010461
AT1G02860	RSc1349	0	0.00010022
AT4G17380	A0A454TX48	0	0.00010306
AT3G23900	A0A454TRM6	0	0.00010692
AT1G05960	A0A454TVA2	0	0.00010121
AT2G21390	RSc2130	0	0.00010443
AT1G08760	A0A454TVA2	0	0.00010017
AT3G12640	A0A454TX48	0	9.9273e-05
AT5G02070	A0A454TQA3	0	0.00010499
AT3G53700	A0A454TX48	0	0.00010429
AT1G68810	A0A454TJY5	0	0.00010166
AT5G16740	RSp1601	0	0.00010057
AT1G76280	A0A454TX48	0	0.0001037
AT3G06240	RSp1601	0	0.00010033
AT3G10230	RSp1475	0	0.00010004
AT4G37300	RSc3290	0	0.00012089
AT2G28160	A0A454TV64	0	0.00010078
AT2G07687	RSc2130	0	0.00010342
AT2G31953	RSp0304	0	0.00010346
AT2G38470	A0A223GPS0	0	0.00022698
AT1G17800	A0A454TRM6	0	0.00010246
AT3G60220	A0A454TJY5	0	0.00010107
AT4G29550	A0A454TX48	0	0.00010008
AT5G64580	RSp1601	0	0.00010255
AT2G05430	A0A454TJY5	0	0.00010002
AT3G27010	A0A223GUV0	0	0.00010011
AT1G32583	RSp1475	0	0.00010588
AT4G18335	A0A454TY08	0	0.00010842
AT3G13000	RSc1386	0	0.021398
AT5G55830	A0A454TLJ2	0	0.0011534
AT4G39050	A0A454TX48	0	0.00022644
AT4G36270	A0A454TRS1	0	0.00010175
AT3G56780	A0A454TLJ2	0	0.00010571
AT1G71980	RSp1475	0	9.9877e-05
AT4G36890	A0A223GPS0	0	0.00010093
AT3G44050	RSc1386	0	0.39762
AT3G28640	RSp1475	0	0.00010335
AT1G26090	RSp1601	0	0.00010296
AT1G22550	A0A454TJY5	0	0.0001011
AT1G24148	A0A454TX48	0	0.00010908
AT4G32020	A0A454TJY5	0	9.9244e-05
AT4G00560	A0A454TQA3	0	0.00010181
AT3G52640	A0A454TRS1	0	0.00010169
AT3G14570	A0A454TRS1	0	0.00010243
AT5G61280	A0A454TRS1	0	9.9794e-05
AT4G38250	A0A454TLJ2	0	0.0001083
AT3G53990	A0A2H1TEN2	0	0.00010236
AT5G57960	C5IAR4	0	0.00010284
AT3G51260	B0RNB7	0	0.00010346
AT4G25550	A0A0A3WBH2	0	0.00010277
AT2G38170	A0A3Q9PWP5	0	0.00010387
AT5G08305	A0A2H1TEN2	0	0.00010182
AT5G61580	A0A8F9W2H4	0	0.00010193
AT1G06760	XC_3915	0	0.00024502
AT3G52130	A0A2H1TEN2	0	0.00010201
AT5G07280	C5IAR4	0	0.00010742
AT4G38580	A0A109HQ28	0	0.00010183
AT3G08760	AvrC_Xcc_ATCC_33913	0	0.00010209
AT5G48290	A0A3Q9PWP5	0	0.00011432
AT1G64300	AvrC_Xcc_ATCC_33913	0	0.00010144
AT1G54700	XC_0563	0	0.00010073
AT2G46200	XC_3802	0	0.00010078
AT5G43650	XC_3024	0	0.00018151
AT3G01930	A0A2H1TEN2	0	0.00010123
AT4G02980	XC_3024	0	0.00010038
AT1G05730	XC_2081	0	0.00010556
AT1G60550	A0A2H1TCX8	0	0.00010167
AT3G29780	AvrC_Xcc_ATCC_33913	0	0.00010676
AT3G09250	A0A3Q9PWP5	0	0.00010021
AT3G01240	A0A3Q9PWP5	0	0.00010017
AT2G31345	A0A7Z2ZFP7	0	0.00010925
AT3G58750	AvrC_Xcc_ATCC_33913	0	0.93562
AT4G11040	B0RNB7	0	0.00010383
AT1G30380	A0A8F9W2H4	0	0.00010758
AT5G10780	A0A7U7HJ98	0	0.00010117
AT1G58520	XC_3915	0	0.0001052
AT4G25330	XC_3802	0	0.00010281
AT3G47410	A0A8F9W2H4	0	0.00010284
AT3G27330	A0A109HQ28	0	0.00010083
AT5G52870	XC_3802	0	0.00010173
AT1G26570	A0A7Z7J4Y2	0	0.12983
AT1G18490	C5IAR4	0	9.9344e-05
AT1G58100	A0A7U7HJ98	0	0.000101
AT5G07790	C5IAR4	0	0.00010239
AT5G66815	A0A109HQ28	0	0.00010384
AT1G48610	H2BNP9	0	0.000101
AT3G10130	C5IAR4	0	9.9583e-05
AT2G46590	XC_2081	0	0.00010188
AT3G51570	A0A3Q9PWP5	0	0.00010613
AT2G43370	XC_2081	0	0.00010188
AT1G49780	AvrC_Xcc_ATCC_33913	0	0.00012393
AT3G19180	AvrC_Xcc_ATCC_33913	0	0.00012073
AT1G54060	A0A2H1TCX8	0	0.00010997
AT4G33470	A0A7Z7IYU1	0	0.00011243
AT4G29550	A0A0A3WBH2	0	0.00010027
AT5G49665	A0A7Z2ZFP7	0	9.9901e-05
AT1G15590	A0A7U7HJ98	0	0.0001008
AT1G74690	A0A7Z7J4Y2	0	0.00010143
AT1G77800	A0A3Q9PWP5	0	0.00010179
AT3G46100	A0A7Z2ZFP7	0	0.00010155
AT1G58100	A0A2H1TEN2	0	0.00010023
AT5G58990	A0A7Z7J4Y2	0	0.0001027
AT2G28660	A0A109HQ28	0	0.00010035
AT1G06890	A0A7Z7IYU1	0	0.00011125
AT5G55570	A0A7Z7J4Y2	0	0.00010098
AT2G32460	XC_3024	0	0.00010238
AT5G04120	A0A7Z2ZFP7	0	0.00010231
AT5G06420	A0A7Z7IYU1	0	0.0001013
AT5G42050	A0A0A3WBH2	0	0.00010026
AT4G35410	XC_3915	0	0.00010891
AT5G40420	XC_2081	0	0.00010286
AT3G42970	A0A2H1TCX8	0	0.00010065
AT5G67570	XC_3915	0	0.00010881
AT2G42290	A0A7U7HJ98	0	0.00010403
AT5G27290	B0RNB7	0	0.00010055
AT2G07687	A0A7Z7J4Y2	0	0.00010538
AT2G35970	A0A7Z2ZFP7	0	0.00010665
AT5G06700	XC_3024	0	0.0001018
AT2G03390	A0A2H1TEN2	0	9.9865e-05
AT5G03580	C5IAR4	0	0.00010106
AT1G55350	A0A7U7HJ98	0	0.0001005
AT3G59550	C5IAR4	0	9.9363e-05
AT3G15520	A0A2H1TEN2	0	0.00010036
AT3G46100	XC_2081	0	0.00010036
AT1G18490	A0A0A3WBH2	0	9.975e-05
AT1G61810	B0RNB7	0	0.00010145
AT1G80760	H2BNP9	0	0.00034545
AT5G50630	C5IAR4	0	0.00010038
AT2G07825	AvrC_Xcc_ATCC_33913	0	9.8867e-05
AT2G32835	XC_3915	0	0.0001053
AT3G22200	C5IAR4	0	0.00010257
AT1G26815	A0A109HQ28	0	0.00010154
AT1G73370	B0RNB7	0	0.00010016
AT5G54440	A0A0A3WBH2	0	0.00010098
AT1G66340	A0A7Z7J4Y2	0	0.00010216
AT5G16860	A0A7Z2ZFP7	0	0.0001089
AT3G47120	XC_3915	0	0.0013458
AT4G16270	XC_3915	0	0.00011993
AT1G55870	A0A7Z7J4Y2	0	9.9704e-05
AT3G48210	A0A7Z7IYU1	0	0.0001007
AT2G16030	A0A8F9W2H4	0	0.00010287
AT5G20110	A0A109HQ28	0	0.00010062
AT5G26720	C5IAR4	0	9.9172e-05
AT5G02950	XC_0563	0	0.00010237
AT4G02550	A0A0A3WBH2	0	0.00010034
AT1G20970	A0A7Z7J4Y2	0	0.00010217
AT5G54095	XC_2081	0	0.00010129
AT3G58090	XC_2081	0	0.00010106
AT1G42710	A0A2H1TEN2	0	0.00010048
AT3G50860	XC_0563	0	0.00010508
AT2G38304	A0A7Z7IYU1	0	0.0001006
AT1G61190	XC_3024	0	0.0001174
AT1G30475	XC_3802	0	0.00010156
AT5G55060	XC_2081	0	9.976e-05
AT2G38000	A0A7Z7IYU1	0	0.00010058
AT1G05880	A0A7U7HJ98	0	0.00010189
AT3G11060	A0A8F9W2H4	0	0.00010661
AT1G50480	XC_3915	0	0.00091852
AT4G11430	Q5EN61	0	0.00010023
AT1G74460	Q5RJF5	0	0.00010069
